num_of_blocks,block_size,covered_memory_size,detection_rate,avg_spend_time,spend_times
400,500,3.3822039252505873,2.6,0.023004,0.409 0.02 0.018 0.019 0.023 0.023 0.023 0.023 0.022 0.022 0.021 0.022 0.023 0.021 0.023 0.023 0.022 0.022 0.024 0.021 0.023 0.022 0.023 0.027 0.024 0.021 0.02 0.023 0.023 0.021 0.023 0.023 0.025 0.02 0.023 0.023 0.022 0.024 0.023 0.022 0.023 0.023 0.021 0.023 0.023 0.021 0.022 0.023 0.023 0.022 0.021 0.022 0.024 0.022 0.021 0.023 0.024 0.021 0.022 0.022 0.023 0.023 0.021 0.02 0.024 0.023 0.022 0.023 0.024 0.022 0.023 0.023 0.023 0.023 0.021 0.022 0.024 0.024 0.022 0.023 0.021 0.024 0.022 0.022 0.021 0.023 0.026 0.021 0.022 0.021 0.021 0.026 0.023 0.022 0.023 0.025 0.023 0.022 0.022 0.024 0.021 0.021 0.024 0.022 0.025 0.021 0.022 0.022 0.023 0.023 0.022 0.023 0.022 0.023 0.023 0.024 0.022 0.02 0.022 0.023 0.023 0.022 0.022 0.022 0.024 0.023 0.021 0.024 0.024 0.025 0.022 0.023 0.023 0.023 0.022 0.023 0.023 0.022 0.022 0.021 0.022 0.022 0.022 0.023 0.025 0.021 0.024 0.024 0.023 0.026 0.022 0.024 0.024 0.022 0.025 0.024 0.024 0.024 0.026 0.023 0.021 0.023 0.025 0.024 0.024 0.024 0.023 0.022 0.024 0.024 0.024 0.023 0.022 0.024 0.024 0.024 0.022 0.023 0.021 0.023 0.024 0.022 0.026 0.024 0.022 0.022 0.024 0.023 0.022 0.024 0.026 0.022 0.025 0.024 0.022 0.022 0.024 0.023 0.022 0.023 0.024 0.023 0.024 0.024 0.021 0.024 0.024 0.021 0.022 0.023 0.022 0.023 0.024 0.023 0.023 0.023 0.022 0.024 0.023 0.021 0.024 0.024 0.02 0.022 0.023 0.022 0.022 0.022 0.02 0.021 0.022 0.023 0.021 0.021 0.022 0.023 0.021 0.021 0.024 0.023 0.023 0.022 0.022 0.02 0.023 0.021 0.02 0.02 0.024 0.02 0.022 0.021 0.021 0.021 0.022 0.021 0.022 0.023 0.021 0.023 0.021 0.02 0.021 0.021 0.021 0.021 0.023 0.021 0.021 0.022 0.02 0.021 0.022 0.021 0.021 0.021 0.021 0.021 0.023 0.02 0.022 0.022 0.021 0.023 0.022 0.021 0.023 0.021 0.021 0.021 0.022 0.02 0.022 0.021 0.02 0.021 0.022 0.02 0.022 0.021 0.023 0.021 0.023 0.021 0.022 0.022 0.02 0.023 0.022 0.021 0.021 0.024 0.022 0.022 0.021 0.021 0.023 0.021 0.021 0.022 0.023 0.02 0.022 0.022 0.022 0.021 0.022 0.021 0.022 0.023 0.021 0.022 0.024 0.02 0.022 0.024 0.021 0.023 0.021 0.021 0.023 0.023 0.021 0.021 0.026 0.02 0.021 0.023 0.022 0.022 0.023 0.022 0.023 0.022 0.021 0.021 0.023 0.021 0.021 0.022 0.023 0.023 0.022 0.021 0.022 0.022 0.02 0.023 0.023 0.02 0.022 0.022 0.022 0.022 0.021 0.021 0.022 0.021 0.02 0.025 0.024 0.021 0.021 0.021 0.022 0.023 0.021 0.022 0.022 0.023 0.022 0.021 0.022 0.022 0.021 0.023 0.02 0.022 0.023 0.021 0.024 0.022 0.02 0.023 0.024 0.021 0.023 0.022 0.021 0.022 0.022 0.022 0.021 0.023 0.021 0.022 0.022 0.023 0.024 0.025 0.02 0.023 0.021 0.022 0.022 0.02 0.022 0.023 0.02 0.02 0.02 0.023 0.021 0.022 0.021 0.021 0.021 0.022 0.022 0.023 0.027 0.022 0.02 0.021 0.024 0.021 0.023 0.022 0.021 0.022 0.023 0.021 0.023 0.023 0.022 0.024 0.023 0.02 0.022 0.024 0.022 0.022 0.023 0.02 0.024 0.023 0.019 0.02 0.023 0.021 0.024 0.022 0.02 0.023 0.023 0.021 0.022 0.022 0.02 0.022 0.022 0.02 0.023 0.023 0.023 0.022 0.022 0.021 0.024 0.021 0.021 0.022 0.022 0.021 0.021 0.022 0.022 0.021 0.023 0.022
800,500,6.764407850501175,7.2,0.037550000000000076,0.032 0.032 0.033 0.036 0.034 0.037 0.033 0.034 0.036 0.035 0.035 0.034 0.035 0.034 0.034 0.033 0.034 0.034 0.034 0.034 0.032 0.033 0.034 0.035 0.034 0.034 0.034 0.033 0.034 0.034 0.034 0.034 0.035 0.033 0.034 0.035 0.035 0.033 0.034 0.033 0.033 0.036 0.034 0.035 0.034 0.033 0.034 0.034 0.034 0.033 0.035 0.034 0.033 0.034 0.033 0.034 0.034 0.034 0.034 0.035 0.033 0.034 0.035 0.033 0.035 0.034 0.034 0.035 0.034 0.033 0.034 0.035 0.033 0.034 0.034 0.034 0.035 0.035 0.033 0.035 0.035 0.034 0.033 0.034 0.034 0.035 0.034 0.033 0.035 0.035 0.035 0.034 0.036 0.034 0.033 0.035 0.034 0.036 0.034 0.033 0.034 0.035 0.033 0.034 0.034 0.033 0.033 0.034 0.034 0.033 0.036 0.034 0.033 0.035 0.034 0.034 0.035 0.033 0.033 0.035 0.034 0.035 0.034 0.033 0.033 0.034 0.033 0.034 0.035 0.034 0.034 0.034 0.034 0.034 0.035 0.034 0.034 0.034 0.034 0.033 0.035 0.034 0.034 0.035 0.034 0.034 0.034 0.033 0.034 0.035 0.035 0.033 0.039 0.034 0.034 0.034 0.034 0.033 0.034 0.035 0.034 0.034 0.034 0.034 0.034 0.035 0.034 0.033 0.034 0.035 0.033 0.033 0.034 0.035 0.033 0.034 0.034 0.033 0.033 0.035 0.033 0.034 0.034 0.033 0.034 0.035 0.033 0.035 0.034 0.033 0.034 0.035 0.034 0.033 0.034 0.034 0.034 0.035 0.034 0.035 0.034 0.034 0.035 0.034 0.033 0.033 0.035 0.033 0.034 0.036 0.034 0.034 0.034 0.035 0.033 0.037 0.035 0.034 0.034 0.035 0.033 0.034 0.034 0.034 0.034 0.034 0.034 0.034 0.035 0.034 0.033 0.034 0.034 0.035 0.034 0.034 0.033 0.034 0.034 0.033 0.033 0.034 0.034 0.033 0.033 0.035 0.033 0.034 0.035 0.034 0.034 0.035 0.034 0.033 0.034 0.034 0.033 0.034 0.034 0.033 0.035 0.033 0.034 0.034 0.034 0.034 0.035 0.034 0.035 0.036 0.033 0.036 0.033 0.034 0.035 0.037 0.033 0.047 0.062 0.069 0.033 0.033 0.04 0.032 0.032 0.033 0.058 0.072 0.05 0.055 0.045 0.052 0.047 0.058 0.065 0.059 0.054 0.045 0.034 0.042 0.059 0.036 0.034 0.041 0.049 0.056 0.044 0.041 0.066 0.037 0.059 0.049 0.069 0.041 0.034 0.047 0.039 0.039 0.045 0.046 0.046 0.05 0.052 0.037 0.043 0.052 0.035 0.045 0.064 0.068 0.034 0.063 0.039 0.076 0.041 0.033 0.051 0.039 0.041 0.035 0.043 0.043 0.041 0.035 0.04 0.045 0.04 0.035 0.043 0.048 0.054 0.033 0.035 0.039 0.039 0.05 0.046 0.047 0.045 0.044 0.043 0.051 0.045 0.039 0.045 0.036 0.037 0.061 0.063 0.048 0.054 0.062 0.039 0.044 0.048 0.045 0.055 0.034 0.05 0.061 0.047 0.05 0.075 0.066 0.048 0.042 0.046 0.039 0.046 0.044 0.037 0.04 0.035 0.035 0.036 0.035 0.036 0.034 0.034 0.034 0.033 0.034 0.035 0.056 0.038 0.045 0.037 0.057 0.04 0.046 0.043 0.052 0.036 0.034 0.035 0.033 0.035 0.036 0.035 0.036 0.037 0.035 0.035 0.035 0.036 0.036 0.036 0.037 0.036 0.037 0.036 0.036 0.036 0.036 0.037 0.036 0.037 0.035 0.035 0.037 0.035 0.037 0.036 0.037 0.036 0.036 0.035 0.037 0.038 0.035 0.036 0.037 0.037 0.036 0.036 0.035 0.036 0.036 0.037 0.037 0.036 0.036 0.037 0.036 0.035 0.037 0.036 0.037 0.036 0.036 0.036 0.035 0.035 0.037 0.035 0.035 0.036 0.038 0.036 0.036 0.036 0.036 0.038 0.035 0.036 0.036 0.036 0.037 0.035 0.035 0.036 0.035 0.035 0.038 0.036 0.035 0.037 0.036 0.036 0.036
1200,500,10.146611775751763,9.6,0.028189999999999937,0.048 0.048 0.047 0.046 0.048 0.048 0.048 0.046 0.048 0.046 0.047 0.047 0.046 0.047 0.051 0.047 0.048 0.046 0.047 0.048 0.048 0.048 0.047 0.048 0.048 0.047 0.047 0.046 0.046 0.047 0.047 0.047 0.047 0.047 0.048 0.049 0.047 0.047 0.047 0.049 0.047 0.048 0.047 0.048 0.048 0.048 0.047 0.046 0.048 0.048 0.046 0.046 0.046 0.045 0.045 0.045 0.034 0.035 0.035 0.023 0.024 0.024 0.024 0.024 0.024 0.022 0.023 0.023 0.026 0.021 0.024 0.024 0.022 0.024 0.024 0.022 0.024 0.023 0.022 0.024 0.024 0.024 0.024 0.023 0.034 0.035 0.033 0.03 0.035 0.035 0.035 0.035 0.033 0.026 0.023 0.024 0.023 0.022 0.024 0.023 0.024 0.024 0.023 0.022 0.024 0.024 0.024 0.026 0.024 0.024 0.027 0.022 0.024 0.024 0.028 0.037 0.036 0.027 0.023 0.023 0.024 0.023 0.035 0.034 0.034 0.023 0.022 0.024 0.024 0.022 0.022 0.024 0.023 0.022 0.025 0.023 0.025 0.023 0.023 0.024 0.025 0.022 0.024 0.024 0.025 0.025 0.034 0.034 0.035 0.026 0.023 0.025 0.024 0.033 0.034 0.034 0.035 0.034 0.035 0.023 0.024 0.024 0.024 0.022 0.023 0.023 0.024 0.023 0.021 0.027 0.022 0.024 0.022 0.023 0.023 0.023 0.024 0.035 0.035 0.036 0.023 0.023 0.024 0.025 0.023 0.024 0.024 0.022 0.033 0.033 0.034 0.025 0.023 0.023 0.023 0.024 0.022 0.024 0.025 0.022 0.027 0.024 0.024 0.022 0.023 0.023 0.023 0.023 0.034 0.034 0.036 0.026 0.022 0.024 0.023 0.023 0.025 0.025 0.022 0.023 0.034 0.034 0.034 0.022 0.022 0.025 0.023 0.023 0.024 0.024 0.023 0.022 0.024 0.023 0.023 0.023 0.024 0.025 0.025 0.022 0.033 0.034 0.034 0.025 0.024 0.025 0.023 0.023 0.026 0.022 0.023 0.034 0.036 0.035 0.025 0.023 0.022 0.023 0.025 0.021 0.025 0.023 0.023 0.023 0.023 0.025 0.022 0.023 0.023 0.023 0.024 0.026 0.036 0.035 0.035 0.023 0.026 0.022 0.024 0.022 0.024 0.023 0.023 0.033 0.036 0.034 0.022 0.023 0.025 0.023 0.025 0.024 0.023 0.022 0.023 0.023 0.024 0.023 0.024 0.024 0.024 0.021 0.025 0.035 0.035 0.034 0.026 0.022 0.025 0.024 0.025 0.022 0.024 0.024 0.023 0.037 0.034 0.034 0.034 0.034 0.034 0.022 0.022 0.025 0.023 0.023 0.023 0.024 0.023 0.025 0.023 0.024 0.025 0.034 0.034 0.034 0.024 0.024 0.025 0.023 0.024 0.024 0.024 0.024 0.024 0.022 0.024 0.024 0.023 0.037 0.034 0.035 0.034 0.034 0.035 0.026 0.023 0.024 0.023 0.025 0.024 0.023 0.026 0.033 0.033 0.035 0.025 0.023 0.023 0.024 0.022 0.025 0.024 0.025 0.022 0.025 0.022 0.024 0.022 0.024 0.022 0.022 0.024 0.024 0.035 0.033 0.035 0.024 0.023 0.023 0.025 0.024 0.024 0.024 0.023 0.035 0.034 0.035 0.024 0.026 0.022 0.024 0.024 0.023 0.025 0.023 0.023 0.023 0.024 0.023 0.024 0.024 0.022 0.022 0.023 0.034 0.034 0.034 0.022 0.023 0.023 0.021 0.026 0.023 0.021 0.023 0.024 0.033 0.035 0.034 0.022 0.022 0.022 0.022 0.023 0.023 0.021 0.023 0.023 0.022 0.022 0.023 0.022 0.022 0.022 0.022 0.022 0.024 0.033 0.033 0.033 0.022 0.021 0.023 0.022 0.023 0.022 0.021 0.022 0.022 0.034 0.034 0.034 0.023 0.023 0.021 0.023 0.023 0.024 0.022 0.022 0.024 0.022 0.023 0.026 0.024 0.025 0.023 0.025 0.024 0.03 0.034 0.034 0.03 0.022 0.024 0.024 0.024 0.024 0.025 0.023 0.023 0.037 0.035 0.035 0.022 0.024 0.023 0.022 0.027
1600,500,13.52881570100235,11.8,0.04459999999999995,0.055 0.057 0.058 0.057 0.059 0.059 0.057 0.059 0.057 0.059 0.057 0.059 0.057 0.056 0.059 0.058 0.058 0.058 0.058 0.057 0.058 0.057 0.059 0.057 0.058 0.059 0.059 0.058 0.057 0.057 0.059 0.058 0.058 0.059 0.058 0.059 0.058 0.059 0.058 0.058 0.057 0.059 0.058 0.058 0.057 0.057 0.058 0.057 0.058 0.058 0.057 0.058 0.058 0.058 0.057 0.058 0.058 0.058 0.059 0.057 0.059 0.057 0.057 0.058 0.057 0.058 0.058 0.059 0.058 0.057 0.059 0.057 0.057 0.057 0.058 0.06 0.058 0.057 0.059 0.058 0.057 0.058 0.058 0.058 0.057 0.059 0.057 0.058 0.057 0.056 0.059 0.057 0.058 0.058 0.057 0.06 0.058 0.058 0.06 0.057 0.057 0.057 0.057 0.058 0.059 0.058 0.058 0.057 0.058 0.057 0.058 0.057 0.056 0.058 0.058 0.058 0.059 0.058 0.058 0.057 0.058 0.059 0.057 0.057 0.059 0.059 0.058 0.059 0.057 0.057 0.043 0.043 0.042 0.042 0.042 0.036 0.029 0.03 0.029 0.03 0.028 0.03 0.029 0.029 0.029 0.03 0.03 0.029 0.028 0.03 0.029 0.029 0.044 0.043 0.029 0.028 0.028 0.028 0.03 0.042 0.043 0.042 0.042 0.038 0.029 0.029 0.03 0.029 0.028 0.029 0.028 0.029 0.029 0.03 0.029 0.029 0.028 0.045 0.043 0.03 0.028 0.029 0.029 0.03 0.029 0.029 0.03 0.043 0.042 0.043 0.043 0.039 0.03 0.03 0.028 0.029 0.029 0.029 0.029 0.029 0.029 0.043 0.044 0.04 0.028 0.028 0.03 0.028 0.028 0.029 0.028 0.029 0.028 0.029 0.028 0.044 0.042 0.043 0.043 0.038 0.029 0.029 0.029 0.028 0.029 0.029 0.044 0.043 0.028 0.028 0.028 0.027 0.029 0.028 0.029 0.029 0.032 0.031 0.032 0.03 0.028 0.029 0.028 0.044 0.042 0.042 0.042 0.037 0.028 0.029 0.043 0.043 0.039 0.029 0.029 0.029 0.029 0.028 0.028 0.03 0.03 0.028 0.03 0.028 0.029 0.028 0.031 0.029 0.028 0.028 0.03 0.042 0.041 0.042 0.041 0.056 0.041 0.041 0.04 0.041 0.029 0.028 0.028 0.03 0.028 0.029 0.029 0.028 0.028 0.029 0.028 0.03 0.028 0.027 0.03 0.028 0.029 0.028 0.043 0.042 0.036 0.028 0.028 0.043 0.045 0.039 0.029 0.029 0.028 0.029 0.028 0.027 0.03 0.027 0.029 0.028 0.028 0.028 0.03 0.028 0.028 0.028 0.029 0.029 0.044 0.042 0.042 0.042 0.056 0.044 0.032 0.029 0.029 0.029 0.028 0.029 0.028 0.029 0.029 0.029 0.028 0.029 0.031 0.029 0.029 0.03 0.03 0.027 0.029 0.028 0.029 0.027 0.04 0.043 0.055 0.042 0.032 0.028 0.029 0.028 0.027 0.028 0.027 0.028 0.028 0.028 0.027 0.028 0.027 0.029 0.027 0.028 0.028 0.029 0.027 0.028 0.028 0.027 0.028 0.042 0.041 0.055 0.056 0.056 0.056 0.056 0.056 0.056 0.057 0.056 0.057 0.055 0.058 0.055 0.057 0.056 0.056 0.056 0.056 0.058 0.056 0.055 0.056 0.057 0.056 0.057 0.055 0.055 0.055 0.057 0.057 0.056 0.058 0.056 0.054 0.055 0.058 0.056 0.056 0.057 0.055 0.056 0.054 0.058 0.054 0.055 0.055 0.057 0.057 0.056 0.056 0.056 0.056 0.057 0.055 0.056 0.056 0.056 0.058 0.057 0.057 0.056 0.056 0.058 0.056 0.057 0.056 0.057 0.055 0.055 0.057 0.055 0.057 0.056 0.055 0.056 0.056 0.055 0.057 0.056 0.056 0.057 0.055 0.056 0.057 0.056 0.056 0.056 0.057 0.057 0.057 0.056 0.056 0.055 0.056 0.057 0.057 0.056 0.055 0.057 0.055 0.055 0.056 0.055 0.055 0.056 0.056 0.057 0.055 0.056 0.057 0.055 0.055 0.055 0.056 0.056 0.055 0.056 0.057 0.056
2000,500,16.911019626252937,17.0,0.03604199999999997,0.064 0.068 0.05 0.036 0.033 0.032 0.034 0.033 0.032 0.033 0.033 0.033 0.033 0.034 0.034 0.033 0.033 0.033 0.032 0.034 0.033 0.033 0.037 0.05 0.065 0.05 0.033 0.032 0.033 0.032 0.033 0.032 0.033 0.032 0.033 0.032 0.033 0.033 0.034 0.032 0.032 0.033 0.032 0.032 0.033 0.049 0.065 0.049 0.035 0.031 0.033 0.033 0.033 0.033 0.033 0.033 0.032 0.034 0.035 0.032 0.033 0.032 0.032 0.032 0.032 0.034 0.033 0.032 0.051 0.066 0.048 0.033 0.034 0.033 0.032 0.033 0.033 0.033 0.032 0.033 0.033 0.033 0.033 0.033 0.033 0.032 0.033 0.034 0.033 0.033 0.049 0.049 0.051 0.049 0.031 0.032 0.034 0.032 0.033 0.032 0.033 0.033 0.032 0.033 0.033 0.032 0.033 0.033 0.034 0.032 0.032 0.031 0.032 0.049 0.062 0.048 0.041 0.033 0.033 0.032 0.032 0.033 0.033 0.033 0.033 0.033 0.033 0.032 0.032 0.032 0.032 0.034 0.033 0.032 0.033 0.038 0.049 0.065 0.05 0.033 0.034 0.034 0.033 0.032 0.033 0.032 0.033 0.033 0.033 0.033 0.033 0.034 0.032 0.033 0.034 0.033 0.034 0.032 0.05 0.052 0.05 0.049 0.032 0.034 0.032 0.033 0.032 0.033 0.032 0.033 0.033 0.032 0.033 0.034 0.032 0.033 0.033 0.032 0.033 0.033 0.033 0.049 0.068 0.048 0.034 0.034 0.033 0.033 0.032 0.033 0.033 0.034 0.033 0.032 0.032 0.033 0.034 0.033 0.032 0.032 0.032 0.032 0.032 0.049 0.049 0.051 0.05 0.031 0.032 0.033 0.032 0.032 0.033 0.034 0.033 0.034 0.032 0.033 0.032 0.033 0.033 0.034 0.035 0.032 0.033 0.033 0.051 0.067 0.049 0.035 0.032 0.033 0.033 0.033 0.033 0.033 0.032 0.032 0.032 0.033 0.034 0.034 0.032 0.032 0.033 0.033 0.032 0.034 0.049 0.049 0.053 0.049 0.033 0.032 0.035 0.032 0.032 0.034 0.034 0.033 0.033 0.033 0.033 0.033 0.033 0.033 0.033 0.033 0.034 0.033 0.032 0.049 0.068 0.049 0.033 0.032 0.033 0.034 0.033 0.032 0.033 0.033 0.033 0.033 0.033 0.034 0.034 0.033 0.033 0.034 0.033 0.033 0.033 0.05 0.051 0.05 0.049 0.032 0.033 0.033 0.033 0.034 0.032 0.032 0.033 0.033 0.033 0.033 0.032 0.033 0.033 0.032 0.033 0.034 0.032 0.032 0.05 0.068 0.049 0.033 0.032 0.034 0.033 0.033 0.032 0.033 0.033 0.033 0.032 0.033 0.033 0.034 0.033 0.032 0.032 0.033 0.033 0.033 0.048 0.05 0.054 0.049 0.032 0.033 0.033 0.032 0.032 0.034 0.034 0.033 0.033 0.034 0.035 0.033 0.033 0.033 0.033 0.033 0.033 0.033 0.033 0.049 0.066 0.049 0.035 0.033 0.033 0.033 0.035 0.033 0.033 0.033 0.032 0.033 0.032 0.033 0.033 0.032 0.032 0.034 0.034 0.033 0.033 0.048 0.049 0.053 0.049 0.032 0.032 0.033 0.032 0.033 0.034 0.033 0.033 0.032 0.032 0.032 0.033 0.032 0.034 0.032 0.033 0.033 0.033 0.033 0.049 0.066 0.05 0.034 0.035 0.033 0.032 0.033 0.032 0.033 0.033 0.033 0.033 0.033 0.032 0.034 0.033 0.033 0.033 0.033 0.033 0.033 0.034 0.05 0.067 0.05 0.032 0.033 0.033 0.032 0.033 0.032 0.033 0.032 0.033 0.032 0.033 0.033 0.033 0.033 0.034 0.033 0.034 0.032 0.034 0.051 0.066 0.051 0.033 0.031 0.033 0.033 0.033 0.033 0.034 0.033 0.035 0.034 0.033 0.032 0.033 0.033 0.034 0.032 0.033 0.035 0.034 0.043 0.049 0.059 0.049 0.031 0.032 0.032 0.033 0.033 0.032 0.032 0.033 0.035 0.033 0.033 0.033 0.033 0.032 0.033 0.033 0.033 0.033 0.034 0.048 0.066 0.048 0.036
2400,500,20.293223551503527,21.0,0.04274000000000006,0.078 0.07 0.037 0.038 0.037 0.038 0.038 0.038 0.038 0.038 0.037 0.037 0.039 0.038 0.038 0.038 0.037 0.038 0.039 0.038 0.078 0.08 0.073 0.039 0.037 0.037 0.037 0.038 0.036 0.037 0.037 0.036 0.037 0.037 0.037 0.037 0.037 0.037 0.037 0.037 0.037 0.078 0.068 0.037 0.037 0.038 0.037 0.036 0.036 0.036 0.04 0.036 0.036 0.037 0.037 0.038 0.038 0.037 0.037 0.037 0.037 0.081 0.079 0.08 0.037 0.036 0.037 0.037 0.038 0.037 0.037 0.037 0.037 0.036 0.037 0.037 0.037 0.037 0.037 0.037 0.038 0.037 0.08 0.08 0.078 0.037 0.037 0.038 0.037 0.039 0.038 0.036 0.037 0.037 0.036 0.039 0.037 0.037 0.038 0.038 0.038 0.037 0.037 0.079 0.082 0.079 0.037 0.037 0.039 0.038 0.036 0.037 0.037 0.039 0.038 0.037 0.037 0.038 0.037 0.037 0.036 0.037 0.037 0.037 0.079 0.081 0.078 0.037 0.037 0.036 0.037 0.036 0.037 0.037 0.037 0.038 0.037 0.037 0.038 0.037 0.037 0.037 0.037 0.038 0.037 0.078 0.065 0.037 0.036 0.039 0.037 0.037 0.037 0.036 0.037 0.039 0.038 0.038 0.037 0.038 0.037 0.037 0.037 0.038 0.039 0.079 0.06 0.037 0.037 0.037 0.038 0.037 0.036 0.038 0.036 0.037 0.037 0.039 0.037 0.036 0.037 0.038 0.037 0.037 0.037 0.078 0.068 0.037 0.036 0.036 0.037 0.037 0.038 0.038 0.037 0.038 0.038 0.037 0.038 0.037 0.037 0.038 0.036 0.037 0.037 0.078 0.072 0.057 0.038 0.039 0.038 0.038 0.038 0.038 0.038 0.038 0.037 0.037 0.038 0.038 0.038 0.037 0.037 0.038 0.04 0.061 0.079 0.08 0.078 0.038 0.039 0.037 0.037 0.037 0.037 0.038 0.037 0.037 0.038 0.039 0.038 0.037 0.037 0.039 0.037 0.038 0.039 0.078 0.065 0.037 0.038 0.037 0.039 0.038 0.04 0.038 0.038 0.038 0.038 0.037 0.038 0.039 0.038 0.038 0.038 0.038 0.041 0.08 0.08 0.069 0.037 0.037 0.037 0.037 0.039 0.037 0.037 0.037 0.037 0.037 0.038 0.037 0.037 0.036 0.037 0.038 0.037 0.038 0.08 0.079 0.079 0.037 0.037 0.038 0.038 0.038 0.037 0.036 0.037 0.037 0.037 0.037 0.036 0.037 0.037 0.04 0.038 0.037 0.037 0.078 0.073 0.059 0.039 0.038 0.037 0.038 0.037 0.038 0.037 0.038 0.038 0.038 0.038 0.038 0.038 0.038 0.037 0.037 0.041 0.059 0.08 0.08 0.08 0.037 0.037 0.037 0.038 0.037 0.037 0.037 0.037 0.037 0.037 0.037 0.036 0.037 0.037 0.037 0.037 0.037 0.037 0.08 0.068 0.037 0.037 0.037 0.038 0.037 0.037 0.038 0.037 0.037 0.037 0.037 0.037 0.038 0.038 0.037 0.038 0.037 0.037 0.08 0.08 0.075 0.037 0.038 0.037 0.037 0.037 0.037 0.037 0.037 0.039 0.037 0.037 0.037 0.036 0.037 0.038 0.038 0.037 0.038 0.077 0.07 0.037 0.037 0.037 0.037 0.038 0.037 0.037 0.038 0.037 0.037 0.038 0.037 0.037 0.037 0.037 0.037 0.037 0.036 0.079 0.081 0.079 0.037 0.036 0.038 0.038 0.037 0.04 0.038 0.037 0.037 0.037 0.037 0.037 0.037 0.038 0.036 0.037 0.037 0.037 0.078 0.08 0.078 0.037 0.037 0.037 0.036 0.037 0.038 0.039 0.037 0.037 0.038 0.038 0.038 0.037 0.038 0.039 0.037 0.038 0.037 0.081 0.08 0.08 0.038 0.037 0.038 0.038 0.038 0.039 0.038 0.038 0.04 0.038 0.038 0.037 0.037 0.038 0.038 0.037 0.038 0.038 0.078 0.079 0.074 0.037 0.038 0.038 0.038 0.038 0.038 0.038 0.037 0.038 0.037 0.038 0.041 0.037 0.038 0.039 0.038 0.038 0.042 0.078 0.078 0.073 0.037
2800,500,23.675427476754113,26.8,0.048086,0.09 0.092 0.095 0.065 0.059 0.043 0.042 0.043 0.042 0.043 0.042 0.042 0.042 0.042 0.041 0.043 0.041 0.041 0.065 0.053 0.054 0.067 0.043 0.043 0.042 0.043 0.043 0.044 0.043 0.042 0.043 0.043 0.042 0.044 0.043 0.065 0.058 0.045 0.068 0.066 0.067 0.042 0.044 0.043 0.043 0.043 0.043 0.042 0.043 0.043 0.043 0.064 0.066 0.043 0.044 0.044 0.062 0.067 0.043 0.043 0.044 0.043 0.042 0.043 0.042 0.042 0.042 0.042 0.066 0.058 0.043 0.045 0.042 0.067 0.066 0.043 0.043 0.044 0.043 0.043 0.042 0.043 0.043 0.043 0.043 0.066 0.059 0.043 0.043 0.043 0.067 0.06 0.042 0.043 0.042 0.041 0.044 0.043 0.043 0.043 0.043 0.042 0.067 0.059 0.044 0.043 0.044 0.067 0.059 0.043 0.044 0.043 0.043 0.044 0.044 0.043 0.043 0.044 0.043 0.067 0.066 0.043 0.042 0.042 0.067 0.052 0.042 0.043 0.042 0.043 0.042 0.043 0.042 0.042 0.042 0.042 0.05 0.065 0.066 0.066 0.067 0.064 0.042 0.044 0.043 0.043 0.043 0.043 0.044 0.043 0.043 0.043 0.043 0.044 0.043 0.066 0.059 0.068 0.059 0.043 0.043 0.042 0.043 0.044 0.042 0.043 0.042 0.044 0.043 0.043 0.045 0.042 0.066 0.058 0.067 0.058 0.042 0.042 0.042 0.041 0.042 0.043 0.042 0.042 0.042 0.041 0.042 0.042 0.042 0.066 0.065 0.067 0.065 0.043 0.041 0.043 0.042 0.043 0.042 0.043 0.041 0.042 0.042 0.041 0.042 0.042 0.065 0.065 0.069 0.067 0.043 0.042 0.043 0.043 0.044 0.044 0.045 0.043 0.043 0.043 0.043 0.044 0.042 0.066 0.054 0.065 0.064 0.042 0.043 0.043 0.043 0.043 0.042 0.044 0.043 0.042 0.044 0.043 0.043 0.044 0.066 0.053 0.066 0.065 0.042 0.042 0.043 0.042 0.043 0.042 0.043 0.042 0.042 0.042 0.043 0.044 0.044 0.067 0.057 0.06 0.068 0.042 0.043 0.043 0.044 0.043 0.044 0.043 0.044 0.042 0.043 0.042 0.043 0.044 0.066 0.061 0.066 0.067 0.043 0.043 0.043 0.043 0.043 0.043 0.042 0.043 0.042 0.043 0.043 0.042 0.044 0.068 0.066 0.067 0.056 0.045 0.043 0.042 0.043 0.043 0.045 0.043 0.044 0.042 0.043 0.043 0.043 0.043 0.067 0.06 0.068 0.059 0.042 0.042 0.042 0.042 0.042 0.041 0.042 0.042 0.043 0.043 0.043 0.044 0.044 0.066 0.061 0.068 0.06 0.042 0.042 0.041 0.042 0.044 0.042 0.042 0.043 0.042 0.044 0.041 0.042 0.042 0.065 0.065 0.069 0.062 0.042 0.043 0.043 0.043 0.044 0.044 0.044 0.043 0.043 0.042 0.043 0.043 0.043 0.067 0.057 0.067 0.059 0.043 0.043 0.042 0.044 0.043 0.043 0.042 0.042 0.044 0.042 0.044 0.043 0.043 0.066 0.058 0.067 0.058 0.042 0.043 0.043 0.043 0.043 0.043 0.043 0.042 0.045 0.042 0.043 0.042 0.043 0.065 0.059 0.067 0.059 0.043 0.043 0.043 0.044 0.042 0.042 0.043 0.044 0.044 0.044 0.043 0.044 0.043 0.068 0.066 0.068 0.066 0.065 0.041 0.042 0.043 0.042 0.043 0.043 0.044 0.043 0.043 0.044 0.043 0.051 0.066 0.045 0.043 0.05 0.066 0.042 0.042 0.043 0.042 0.042 0.042 0.044 0.043 0.043 0.044 0.042 0.043 0.066 0.055 0.043 0.043 0.067 0.055 0.044 0.043 0.044 0.043 0.044 0.043 0.043 0.042 0.043 0.044 0.043 0.066 0.058 0.042 0.043 0.067 0.065 0.042 0.042 0.044 0.042 0.042 0.042 0.044 0.043 0.044 0.043 0.042 0.067 0.057 0.043 0.043 0.067 0.067 0.043 0.043 0.042 0.042 0.044 0.043 0.043 0.044 0.042 0.043 0.043 0.066 0.053 0.043 0.044 0.067
3200,500,27.0576314020047,29.6,0.10362999999999982,0.1 0.102 0.104 0.103 0.102 0.103 0.102 0.102 0.102 0.102 0.102 0.103 0.102 0.102 0.103 0.103 0.102 0.102 0.102 0.103 0.103 0.104 0.104 0.102 0.103 0.104 0.102 0.103 0.103 0.103 0.103 0.103 0.104 0.103 0.103 0.103 0.102 0.103 0.103 0.104 0.103 0.102 0.104 0.102 0.105 0.104 0.104 0.103 0.104 0.103 0.103 0.102 0.103 0.104 0.102 0.103 0.101 0.104 0.103 0.103 0.104 0.103 0.104 0.103 0.103 0.104 0.103 0.104 0.104 0.103 0.103 0.103 0.102 0.104 0.103 0.103 0.103 0.103 0.103 0.102 0.104 0.102 0.103 0.103 0.103 0.103 0.103 0.103 0.101 0.102 0.105 0.103 0.102 0.103 0.103 0.103 0.104 0.103 0.102 0.103 0.103 0.103 0.105 0.105 0.105 0.104 0.103 0.104 0.102 0.102 0.104 0.102 0.102 0.105 0.104 0.103 0.102 0.101 0.103 0.103 0.103 0.102 0.102 0.103 0.104 0.104 0.104 0.102 0.102 0.102 0.102 0.104 0.102 0.103 0.103 0.103 0.103 0.103 0.102 0.102 0.104 0.102 0.102 0.102 0.103 0.102 0.102 0.102 0.103 0.106 0.104 0.105 0.102 0.103 0.102 0.104 0.103 0.104 0.103 0.102 0.103 0.102 0.102 0.104 0.103 0.103 0.102 0.102 0.103 0.103 0.101 0.103 0.102 0.102 0.103 0.103 0.102 0.104 0.102 0.102 0.104 0.106 0.104 0.105 0.105 0.105 0.105 0.104 0.105 0.104 0.105 0.104 0.104 0.104 0.104 0.104 0.105 0.104 0.105 0.104 0.106 0.105 0.106 0.106 0.105 0.104 0.104 0.109 0.105 0.106 0.104 0.106 0.105 0.104 0.105 0.105 0.104 0.107 0.104 0.104 0.104 0.107 0.105 0.106 0.104 0.106 0.106 0.106 0.105 0.105 0.103 0.104 0.104 0.105 0.105 0.104 0.105 0.106 0.105 0.104 0.104 0.104 0.107 0.105 0.104 0.106 0.106 0.106 0.104 0.105 0.105 0.104 0.106 0.104 0.104 0.105 0.106 0.103 0.104 0.104 0.105 0.105 0.106 0.104 0.104 0.105 0.106 0.106 0.105 0.104 0.105 0.105 0.106 0.104 0.105 0.105 0.105 0.103 0.103 0.103 0.104 0.104 0.107 0.106 0.105 0.104 0.105 0.106 0.106 0.104 0.106 0.104 0.106 0.105 0.105 0.105 0.106 0.105 0.104 0.108 0.107 0.105 0.106 0.105 0.106 0.104 0.105 0.105 0.104 0.106 0.104 0.104 0.105 0.105 0.107 0.105 0.105 0.107 0.105 0.104 0.107 0.106 0.106 0.106 0.105 0.104 0.107 0.104 0.104 0.103 0.102 0.102 0.102 0.102 0.102 0.103 0.102 0.102 0.102 0.103 0.102 0.104 0.102 0.103 0.102 0.102 0.103 0.103 0.103 0.102 0.103 0.102 0.105 0.103 0.104 0.102 0.103 0.104 0.103 0.102 0.106 0.104 0.104 0.106 0.104 0.104 0.104 0.104 0.104 0.103 0.105 0.104 0.103 0.105 0.103 0.103 0.104 0.102 0.104 0.104 0.103 0.104 0.103 0.104 0.102 0.104 0.103 0.103 0.103 0.104 0.104 0.104 0.104 0.104 0.103 0.105 0.107 0.103 0.105 0.103 0.103 0.104 0.102 0.103 0.102 0.102 0.102 0.102 0.103 0.101 0.103 0.104 0.103 0.102 0.103 0.102 0.103 0.102 0.102 0.103 0.102 0.102 0.102 0.103 0.102 0.102 0.102 0.104 0.103 0.102 0.102 0.102 0.103 0.102 0.102 0.102 0.103 0.103 0.102 0.104 0.103 0.105 0.103 0.104 0.105 0.104 0.103 0.103 0.102 0.104 0.104 0.104 0.104 0.103 0.103 0.103 0.102 0.103 0.103 0.104 0.103 0.103 0.103 0.103 0.104 0.103 0.103 0.103 0.103 0.104 0.102 0.104 0.103 0.104 0.105 0.105 0.106 0.104 0.103 0.104 0.103 0.104 0.105 0.103 0.104 0.104 0.104 0.104 0.104 0.103 0.103 0.102 0.104 0.104 0.103 0.104 0.104 0.106 0.103 0.102
3600,500,30.439835327255288,28.4,0.06092999999999987,0.112 0.114 0.114 0.086 0.069 0.053 0.055 0.054 0.054 0.054 0.054 0.054 0.055 0.055 0.054 0.082 0.066 0.083 0.053 0.053 0.054 0.054 0.053 0.054 0.054 0.054 0.054 0.053 0.053 0.083 0.059 0.083 0.053 0.054 0.053 0.053 0.055 0.055 0.054 0.054 0.055 0.054 0.053 0.083 0.064 0.084 0.054 0.053 0.054 0.054 0.053 0.055 0.055 0.054 0.054 0.053 0.053 0.084 0.114 0.083 0.064 0.055 0.053 0.053 0.055 0.054 0.054 0.054 0.055 0.054 0.055 0.07 0.079 0.084 0.053 0.054 0.054 0.053 0.054 0.056 0.052 0.055 0.053 0.054 0.055 0.084 0.069 0.084 0.054 0.054 0.054 0.053 0.054 0.055 0.054 0.055 0.054 0.054 0.056 0.085 0.084 0.069 0.054 0.054 0.053 0.053 0.054 0.054 0.054 0.054 0.054 0.054 0.08 0.071 0.084 0.054 0.054 0.055 0.054 0.053 0.054 0.055 0.053 0.054 0.053 0.054 0.084 0.057 0.083 0.083 0.065 0.055 0.054 0.052 0.053 0.054 0.054 0.054 0.053 0.083 0.067 0.053 0.052 0.084 0.085 0.065 0.054 0.055 0.053 0.055 0.055 0.054 0.086 0.062 0.054 0.055 0.054 0.053 0.084 0.054 0.055 0.053 0.054 0.053 0.053 0.055 0.084 0.059 0.054 0.054 0.054 0.065 0.084 0.053 0.053 0.055 0.054 0.054 0.054 0.055 0.085 0.054 0.054 0.054 0.054 0.084 0.061 0.055 0.053 0.054 0.055 0.054 0.054 0.07 0.077 0.054 0.054 0.055 0.054 0.085 0.054 0.055 0.054 0.055 0.054 0.054 0.053 0.084 0.064 0.054 0.053 0.053 0.07 0.077 0.053 0.053 0.054 0.053 0.054 0.054 0.055 0.085 0.053 0.053 0.055 0.054 0.083 0.067 0.054 0.054 0.055 0.054 0.053 0.054 0.067 0.083 0.054 0.053 0.054 0.055 0.084 0.083 0.058 0.053 0.054 0.054 0.055 0.054 0.085 0.054 0.054 0.054 0.054 0.055 0.055 0.084 0.084 0.067 0.054 0.054 0.053 0.084 0.084 0.058 0.054 0.055 0.054 0.054 0.053 0.079 0.071 0.053 0.056 0.053 0.053 0.066 0.085 0.054 0.054 0.053 0.054 0.053 0.055 0.086 0.086 0.066 0.054 0.054 0.068 0.08 0.054 0.053 0.053 0.053 0.054 0.054 0.053 0.064 0.084 0.053 0.055 0.054 0.085 0.056 0.053 0.053 0.054 0.054 0.054 0.054 0.055 0.083 0.068 0.054 0.054 0.061 0.083 0.055 0.055 0.053 0.054 0.054 0.052 0.053 0.053 0.084 0.059 0.054 0.054 0.084 0.066 0.054 0.053 0.053 0.053 0.054 0.054 0.053 0.053 0.083 0.053 0.054 0.055 0.083 0.058 0.053 0.053 0.054 0.054 0.054 0.053 0.053 0.059 0.085 0.055 0.053 0.054 0.084 0.055 0.054 0.054 0.054 0.054 0.055 0.053 0.054 0.061 0.084 0.055 0.055 0.066 0.082 0.053 0.055 0.053 0.055 0.053 0.054 0.052 0.053 0.085 0.06 0.053 0.054 0.086 0.058 0.055 0.053 0.054 0.054 0.053 0.054 0.053 0.054 0.084 0.056 0.054 0.053 0.084 0.084 0.067 0.054 0.054 0.054 0.054 0.054 0.053 0.084 0.06 0.053 0.055 0.053 0.054 0.086 0.057 0.054 0.053 0.054 0.053 0.054 0.053 0.084 0.082 0.065 0.054 0.053 0.084 0.061 0.054 0.055 0.053 0.055 0.054 0.053 0.056 0.055 0.085 0.084 0.062 0.086 0.059 0.054 0.055 0.054 0.054 0.053 0.054 0.053 0.054 0.054 0.054 0.084 0.115 0.115 0.114 0.084 0.069 0.053 0.054 0.055 0.054 0.054 0.054 0.053 0.054 0.053 0.054 0.053 0.084 0.114 0.115 0.085 0.069 0.054 0.055 0.054 0.054 0.053 0.054 0.054 0.053 0.054 0.055 0.085 0.056 0.084 0.055 0.054 0.053 0.053 0.054 0.054 0.054 0.054 0.053 0.054 0.053 0.084 0.086 0.114
4000,500,33.822039252505874,37.6,0.06579599999999991,0.124 0.092 0.067 0.059 0.058 0.058 0.058 0.058 0.058 0.058 0.058 0.058 0.091 0.06 0.091 0.059 0.058 0.059 0.058 0.058 0.059 0.058 0.059 0.059 0.059 0.091 0.097 0.092 0.078 0.061 0.059 0.06 0.06 0.059 0.06 0.059 0.06 0.058 0.088 0.071 0.092 0.058 0.059 0.059 0.059 0.059 0.059 0.06 0.058 0.059 0.058 0.092 0.067 0.088 0.058 0.059 0.058 0.058 0.059 0.058 0.059 0.058 0.058 0.059 0.093 0.093 0.06 0.06 0.059 0.059 0.058 0.06 0.06 0.058 0.059 0.058 0.087 0.07 0.092 0.059 0.059 0.06 0.058 0.06 0.059 0.058 0.059 0.058 0.058 0.092 0.092 0.068 0.059 0.059 0.058 0.058 0.059 0.058 0.058 0.06 0.058 0.058 0.094 0.091 0.06 0.059 0.059 0.058 0.058 0.06 0.058 0.059 0.059 0.058 0.072 0.083 0.093 0.059 0.059 0.059 0.059 0.058 0.058 0.059 0.06 0.058 0.058 0.092 0.069 0.086 0.058 0.059 0.059 0.058 0.059 0.058 0.059 0.059 0.059 0.059 0.092 0.091 0.065 0.058 0.058 0.059 0.06 0.059 0.059 0.058 0.061 0.058 0.074 0.082 0.093 0.058 0.058 0.058 0.058 0.059 0.058 0.058 0.062 0.058 0.058 0.094 0.079 0.084 0.059 0.059 0.059 0.059 0.058 0.058 0.059 0.059 0.058 0.082 0.075 0.093 0.06 0.061 0.058 0.058 0.058 0.059 0.06 0.058 0.059 0.061 0.093 0.062 0.092 0.06 0.059 0.06 0.058 0.059 0.058 0.06 0.058 0.058 0.092 0.068 0.092 0.062 0.058 0.059 0.058 0.059 0.059 0.058 0.058 0.058 0.058 0.091 0.06 0.092 0.058 0.059 0.061 0.06 0.06 0.061 0.06 0.059 0.061 0.094 0.066 0.093 0.068 0.06 0.06 0.064 0.06 0.061 0.062 0.06 0.061 0.093 0.066 0.092 0.067 0.061 0.06 0.061 0.06 0.063 0.061 0.062 0.061 0.093 0.066 0.093 0.067 0.062 0.061 0.06 0.06 0.063 0.061 0.06 0.059 0.092 0.07 0.092 0.07 0.06 0.06 0.06 0.061 0.064 0.059 0.061 0.059 0.094 0.068 0.088 0.071 0.06 0.062 0.06 0.062 0.059 0.06 0.062 0.061 0.087 0.073 0.084 0.081 0.061 0.062 0.06 0.06 0.059 0.061 0.061 0.06 0.089 0.072 0.078 0.084 0.061 0.06 0.06 0.061 0.062 0.06 0.061 0.061 0.089 0.072 0.072 0.093 0.062 0.06 0.06 0.061 0.061 0.06 0.061 0.061 0.094 0.067 0.06 0.095 0.06 0.06 0.061 0.06 0.061 0.061 0.06 0.06 0.073 0.085 0.06 0.093 0.062 0.059 0.059 0.06 0.06 0.06 0.061 0.061 0.059 0.095 0.06 0.073 0.086 0.06 0.064 0.061 0.06 0.059 0.061 0.061 0.061 0.094 0.061 0.062 0.093 0.06 0.06 0.06 0.06 0.06 0.059 0.06 0.06 0.072 0.087 0.059 0.093 0.062 0.06 0.06 0.061 0.06 0.061 0.059 0.061 0.061 0.093 0.06 0.09 0.072 0.061 0.062 0.06 0.06 0.06 0.06 0.061 0.06 0.096 0.061 0.077 0.088 0.062 0.062 0.066 0.06 0.058 0.059 0.059 0.058 0.091 0.066 0.062 0.096 0.06 0.059 0.06 0.058 0.058 0.058 0.061 0.058 0.061 0.091 0.059 0.092 0.065 0.058 0.059 0.058 0.058 0.059 0.059 0.059 0.059 0.091 0.069 0.059 0.092 0.058 0.059 0.058 0.059 0.059 0.059 0.06 0.059 0.059 0.092 0.059 0.091 0.067 0.059 0.059 0.059 0.058 0.058 0.058 0.059 0.061 0.077 0.081 0.06 0.092 0.058 0.06 0.058 0.061 0.06 0.059 0.06 0.058 0.059 0.093 0.059 0.086 0.074 0.063 0.059 0.058 0.059 0.06 0.06 0.061 0.059 0.083 0.072 0.065 0.093 0.059 0.059 0.058 0.059 0.06 0.058 0.059 0.059 0.06 0.093 0.093 0.093
4400,500,37.20424317775646,37.2,0.0713900000000001,0.135 0.1 0.073 0.064 0.064 0.064 0.065 0.063 0.063 0.065 0.064 0.067 0.1 0.1 0.064 0.063 0.065 0.063 0.065 0.064 0.063 0.063 0.064 0.099 0.074 0.091 0.063 0.066 0.066 0.064 0.064 0.065 0.065 0.067 0.069 0.1 0.1 0.064 0.064 0.065 0.064 0.064 0.064 0.063 0.065 0.063 0.101 0.064 0.1 0.064 0.064 0.063 0.065 0.063 0.063 0.063 0.069 0.076 0.095 0.101 0.067 0.07 0.067 0.064 0.066 0.065 0.064 0.063 0.063 0.099 0.075 0.095 0.063 0.064 0.064 0.064 0.065 0.063 0.064 0.063 0.078 0.088 0.101 0.066 0.066 0.064 0.065 0.064 0.063 0.063 0.063 0.063 0.101 0.064 0.101 0.064 0.064 0.063 0.063 0.064 0.063 0.064 0.063 0.08 0.088 0.099 0.065 0.064 0.064 0.064 0.064 0.063 0.064 0.065 0.064 0.1 0.063 0.102 0.064 0.064 0.064 0.066 0.065 0.063 0.064 0.063 0.082 0.084 0.101 0.064 0.064 0.064 0.063 0.063 0.067 0.068 0.063 0.064 0.1 0.064 0.105 0.063 0.064 0.064 0.063 0.063 0.068 0.065 0.064 0.088 0.077 0.101 0.066 0.069 0.063 0.068 0.068 0.064 0.063 0.063 0.066 0.099 0.1 0.067 0.064 0.063 0.064 0.064 0.065 0.063 0.064 0.064 0.1 0.065 0.1 0.063 0.063 0.064 0.063 0.063 0.064 0.065 0.063 0.063 0.101 0.099 0.067 0.063 0.068 0.067 0.064 0.065 0.063 0.069 0.066 0.1 0.071 0.094 0.063 0.063 0.063 0.063 0.066 0.072 0.066 0.064 0.071 0.094 0.1 0.066 0.064 0.066 0.067 0.068 0.063 0.064 0.063 0.064 0.101 0.07 0.095 0.063 0.063 0.063 0.064 0.066 0.064 0.063 0.063 0.081 0.084 0.099 0.071 0.068 0.068 0.063 0.064 0.065 0.068 0.068 0.073 0.093 0.089 0.077 0.066 0.063 0.063 0.063 0.064 0.063 0.064 0.065 0.099 0.065 0.101 0.069 0.07 0.065 0.065 0.063 0.064 0.065 0.065 0.08 0.086 0.099 0.067 0.069 0.068 0.063 0.064 0.063 0.068 0.065 0.064 0.1 0.077 0.102 0.065 0.063 0.069 0.066 0.063 0.064 0.064 0.064 0.1 0.07 0.1 0.064 0.064 0.065 0.064 0.064 0.067 0.068 0.068 0.079 0.088 0.096 0.071 0.064 0.064 0.065 0.068 0.07 0.069 0.064 0.064 0.1 0.076 0.09 0.063 0.064 0.063 0.063 0.065 0.068 0.066 0.064 0.101 0.065 0.105 0.065 0.065 0.069 0.066 0.064 0.068 0.067 0.065 0.084 0.087 0.1 0.064 0.064 0.064 0.063 0.063 0.064 0.064 0.068 0.065 0.1 0.087 0.081 0.063 0.063 0.064 0.068 0.068 0.065 0.068 0.068 0.1 0.066 0.1 0.064 0.063 0.065 0.064 0.063 0.064 0.065 0.069 0.071 0.098 0.101 0.065 0.069 0.064 0.063 0.064 0.063 0.065 0.07 0.063 0.1 0.105 0.068 0.064 0.067 0.068 0.063 0.065 0.063 0.068 0.07 0.101 0.084 0.086 0.064 0.066 0.069 0.064 0.066 0.069 0.063 0.063 0.085 0.086 0.102 0.063 0.063 0.063 0.068 0.068 0.065 0.065 0.064 0.068 0.101 0.099 0.067 0.064 0.064 0.063 0.063 0.069 0.068 0.069 0.064 0.099 0.07 0.095 0.063 0.064 0.064 0.064 0.064 0.065 0.065 0.065 0.064 0.1 0.099 0.068 0.064 0.064 0.065 0.064 0.066 0.064 0.063 0.068 0.1 0.069 0.096 0.064 0.068 0.065 0.063 0.067 0.068 0.068 0.064 0.081 0.086 0.102 0.07 0.07 0.066 0.065 0.064 0.063 0.063 0.063 0.063 0.1 0.099 0.072 0.069 0.068 0.065 0.067 0.07 0.065 0.065 0.064 0.1 0.095 0.071 0.064 0.064 0.063 0.064 0.068 0.064 0.064 0.063 0.085 0.087 0.1 0.065 0.068 0.068 0.068 0.063 0.063 0.064
4800,500,40.58644710300705,40.6,0.07805600000000015,0.149 0.11 0.068 0.069 0.069 0.07 0.069 0.068 0.068 0.069 0.077 0.103 0.104 0.07 0.068 0.068 0.069 0.069 0.069 0.074 0.071 0.107 0.107 0.07 0.068 0.069 0.068 0.068 0.068 0.069 0.068 0.068 0.11 0.109 0.068 0.069 0.068 0.068 0.068 0.068 0.068 0.068 0.069 0.108 0.11 0.075 0.069 0.068 0.068 0.074 0.073 0.07 0.073 0.096 0.081 0.109 0.069 0.069 0.068 0.069 0.074 0.074 0.07 0.07 0.11 0.108 0.07 0.068 0.068 0.068 0.069 0.068 0.069 0.069 0.071 0.107 0.108 0.068 0.074 0.069 0.068 0.068 0.069 0.069 0.07 0.11 0.07 0.109 0.073 0.073 0.069 0.073 0.075 0.074 0.073 0.085 0.092 0.112 0.075 0.074 0.069 0.069 0.07 0.069 0.069 0.069 0.109 0.069 0.108 0.069 0.068 0.07 0.073 0.069 0.071 0.075 0.082 0.092 0.112 0.07 0.069 0.069 0.069 0.069 0.069 0.073 0.074 0.11 0.07 0.109 0.069 0.068 0.071 0.074 0.074 0.07 0.071 0.093 0.083 0.108 0.076 0.069 0.068 0.069 0.074 0.076 0.074 0.073 0.106 0.078 0.096 0.07 0.07 0.074 0.072 0.069 0.069 0.073 0.107 0.069 0.108 0.069 0.075 0.07 0.069 0.068 0.073 0.076 0.069 0.106 0.091 0.082 0.069 0.07 0.074 0.073 0.073 0.07 0.069 0.108 0.068 0.11 0.069 0.068 0.068 0.069 0.074 0.074 0.073 0.076 0.102 0.08 0.093 0.073 0.073 0.074 0.069 0.071 0.073 0.074 0.108 0.069 0.113 0.072 0.069 0.069 0.073 0.074 0.07 0.069 0.088 0.089 0.113 0.075 0.069 0.069 0.068 0.069 0.074 0.074 0.073 0.105 0.075 0.103 0.069 0.068 0.068 0.069 0.071 0.074 0.069 0.108 0.07 0.108 0.071 0.07 0.075 0.073 0.075 0.071 0.073 0.079 0.097 0.077 0.108 0.071 0.069 0.07 0.069 0.07 0.069 0.068 0.108 0.074 0.113 0.074 0.072 0.07 0.073 0.074 0.075 0.074 0.1 0.076 0.112 0.069 0.068 0.069 0.068 0.069 0.073 0.068 0.071 0.109 0.074 0.113 0.069 0.073 0.071 0.069 0.07 0.073 0.073 0.108 0.071 0.103 0.077 0.07 0.068 0.068 0.069 0.069 0.073 0.068 0.108 0.07 0.111 0.07 0.074 0.073 0.073 0.068 0.07 0.069 0.095 0.082 0.107 0.075 0.069 0.069 0.068 0.074 0.071 0.068 0.068 0.108 0.072 0.115 0.072 0.069 0.073 0.074 0.073 0.069 0.073 0.108 0.07 0.11 0.068 0.069 0.068 0.068 0.069 0.068 0.068 0.074 0.106 0.069 0.106 0.071 0.073 0.069 0.072 0.073 0.073 0.076 0.108 0.069 0.113 0.072 0.069 0.068 0.071 0.074 0.068 0.068 0.087 0.091 0.086 0.098 0.068 0.071 0.073 0.07 0.07 0.068 0.069 0.108 0.073 0.116 0.069 0.07 0.073 0.073 0.075 0.074 0.068 0.109 0.073 0.111 0.075 0.075 0.069 0.071 0.07 0.069 0.075 0.087 0.089 0.069 0.105 0.074 0.074 0.074 0.073 0.069 0.069 0.069 0.108 0.068 0.115 0.068 0.068 0.068 0.073 0.071 0.07 0.074 0.092 0.086 0.074 0.103 0.073 0.074 0.072 0.068 0.07 0.073 0.073 0.106 0.076 0.11 0.075 0.069 0.069 0.073 0.068 0.071 0.074 0.109 0.071 0.114 0.069 0.07 0.073 0.074 0.074 0.073 0.07 0.108 0.069 0.08 0.099 0.074 0.068 0.069 0.069 0.074 0.068 0.068 0.111 0.074 0.114 0.074 0.073 0.076 0.075 0.069 0.068 0.069 0.109 0.07 0.107 0.069 0.074 0.075 0.068 0.074 0.071 0.068 0.101 0.071 0.071 0.108 0.07 0.073 0.071 0.069 0.069 0.069 0.071 0.107 0.069 0.107 0.07 0.074 0.073 0.069 0.074 0.071 0.069 0.109 0.07 0.079 0.107 0.07 0.07 0.068 0.074 0.073
5200,500,43.96865102825764,46.4,0.08465400000000009,0.161 0.074 0.074 0.073 0.082 0.074 0.075 0.081 0.075 0.074 0.158 0.076 0.073 0.074 0.073 0.074 0.074 0.075 0.073 0.073 0.152 0.075 0.079 0.075 0.074 0.073 0.074 0.075 0.074 0.096 0.131 0.079 0.074 0.079 0.077 0.074 0.08 0.075 0.074 0.122 0.117 0.074 0.074 0.074 0.079 0.075 0.073 0.073 0.075 0.122 0.11 0.074 0.073 0.074 0.073 0.073 0.074 0.074 0.078 0.131 0.097 0.08 0.073 0.078 0.081 0.074 0.079 0.079 0.106 0.121 0.079 0.079 0.08 0.074 0.078 0.079 0.079 0.074 0.141 0.087 0.073 0.074 0.074 0.074 0.079 0.08 0.079 0.08 0.151 0.076 0.076 0.08 0.081 0.08 0.076 0.075 0.081 0.122 0.111 0.079 0.074 0.074 0.075 0.08 0.079 0.074 0.076 0.129 0.087 0.073 0.079 0.08 0.075 0.073 0.073 0.073 0.083 0.138 0.075 0.075 0.079 0.074 0.081 0.077 0.073 0.079 0.116 0.117 0.074 0.079 0.08 0.079 0.081 0.074 0.081 0.078 0.142 0.077 0.075 0.08 0.074 0.079 0.077 0.075 0.08 0.104 0.122 0.075 0.073 0.075 0.079 0.074 0.08 0.077 0.074 0.123 0.108 0.074 0.075 0.075 0.076 0.078 0.081 0.079 0.075 0.148 0.075 0.076 0.08 0.08 0.079 0.08 0.08 0.08 0.129 0.107 0.074 0.079 0.074 0.074 0.073 0.073 0.08 0.076 0.132 0.094 0.076 0.075 0.079 0.079 0.079 0.079 0.079 0.122 0.116 0.074 0.08 0.08 0.079 0.08 0.079 0.074 0.086 0.113 0.1 0.073 0.074 0.074 0.074 0.074 0.074 0.078 0.105 0.11 0.086 0.08 0.075 0.073 0.074 0.073 0.077 0.079 0.121 0.116 0.074 0.073 0.073 0.079 0.079 0.079 0.079 0.086 0.105 0.108 0.074 0.075 0.079 0.079 0.074 0.077 0.079 0.117 0.115 0.074 0.08 0.08 0.079 0.079 0.079 0.08 0.079 0.107 0.117 0.074 0.076 0.079 0.08 0.074 0.076 0.079 0.122 0.094 0.093 0.074 0.079 0.079 0.077 0.073 0.079 0.079 0.122 0.116 0.074 0.079 0.079 0.078 0.079 0.073 0.074 0.113 0.074 0.11 0.079 0.074 0.077 0.078 0.078 0.075 0.078 0.117 0.117 0.075 0.076 0.08 0.08 0.073 0.077 0.078 0.098 0.095 0.116 0.074 0.074 0.073 0.075 0.078 0.075 0.077 0.123 0.098 0.086 0.073 0.074 0.074 0.073 0.075 0.079 0.079 0.124 0.116 0.073 0.08 0.079 0.08 0.08 0.08 0.08 0.121 0.077 0.106 0.077 0.079 0.08 0.079 0.08 0.079 0.09 0.1 0.116 0.079 0.073 0.079 0.08 0.079 0.073 0.08 0.118 0.082 0.101 0.076 0.074 0.079 0.074 0.077 0.079 0.079 0.109 0.117 0.081 0.08 0.073 0.075 0.078 0.079 0.08 0.123 0.079 0.11 0.075 0.073 0.079 0.078 0.075 0.073 0.08 0.121 0.116 0.079 0.08 0.079 0.075 0.075 0.073 0.079 0.112 0.08 0.116 0.074 0.074 0.073 0.073 0.073 0.075 0.073 0.122 0.074 0.118 0.082 0.075 0.074 0.079 0.08 0.073 0.078 0.117 0.091 0.096 0.074 0.078 0.079 0.077 0.074 0.075 0.109 0.082 0.116 0.074 0.075 0.079 0.075 0.079 0.08 0.078 0.119 0.074 0.117 0.08 0.073 0.074 0.074 0.08 0.073 0.096 0.088 0.075 0.118 0.073 0.078 0.079 0.079 0.079 0.08 0.117 0.073 0.101 0.087 0.073 0.074 0.078 0.074 0.078 0.079 0.122 0.079 0.117 0.077 0.078 0.074 0.078 0.081 0.078 0.12 0.073 0.109 0.075 0.08 0.08 0.08 0.079 0.074 0.078 0.121 0.075 0.114 0.079 0.08 0.079 0.074 0.076 0.079 0.112 0.079 0.117 0.075 0.079 0.074 0.073 0.079 0.08 0.075 0.116 0.076 0.117 0.075 0.078 0.073 0.079 0.077 0.073 0.101
5600,500,47.350854953508225,45.4,0.09217000000000014,0.171 0.079 0.078 0.079 0.079 0.079 0.079 0.079 0.079 0.141 0.09 0.085 0.084 0.079 0.079 0.078 0.079 0.078 0.085 0.156 0.127 0.079 0.079 0.085 0.086 0.08 0.079 0.079 0.115 0.12 0.079 0.079 0.085 0.079 0.081 0.084 0.085 0.115 0.102 0.094 0.079 0.087 0.085 0.085 0.084 0.079 0.116 0.109 0.131 0.083 0.078 0.084 0.085 0.086 0.125 0.084 0.08 0.13 0.08 0.079 0.078 0.085 0.084 0.126 0.078 0.079 0.124 0.08 0.083 0.085 0.086 0.078 0.124 0.086 0.086 0.132 0.085 0.079 0.086 0.08 0.079 0.125 0.079 0.084 0.131 0.085 0.086 0.084 0.079 0.084 0.113 0.082 0.079 0.127 0.083 0.08 0.085 0.086 0.097 0.106 0.079 0.078 0.117 0.084 0.085 0.085 0.08 0.08 0.111 0.085 0.082 0.114 0.08 0.079 0.085 0.086 0.086 0.115 0.087 0.085 0.131 0.124 0.085 0.079 0.079 0.126 0.078 0.079 0.078 0.085 0.106 0.091 0.084 0.084 0.124 0.085 0.085 0.084 0.079 0.124 0.08 0.079 0.085 0.126 0.085 0.081 0.078 0.08 0.13 0.086 0.085 0.078 0.126 0.079 0.085 0.085 0.084 0.127 0.084 0.086 0.085 0.125 0.08 0.078 0.078 0.084 0.118 0.084 0.086 0.086 0.125 0.084 0.079 0.079 0.093 0.105 0.084 0.081 0.081 0.124 0.083 0.08 0.086 0.108 0.125 0.084 0.084 0.113 0.081 0.085 0.081 0.08 0.078 0.105 0.087 0.085 0.098 0.101 0.08 0.081 0.085 0.084 0.105 0.128 0.087 0.125 0.085 0.085 0.085 0.079 0.079 0.079 0.124 0.081 0.125 0.081 0.078 0.078 0.085 0.085 0.085 0.132 0.085 0.126 0.084 0.086 0.086 0.084 0.086 0.085 0.131 0.17 0.084 0.084 0.084 0.084 0.078 0.084 0.084 0.084 0.168 0.08 0.084 0.078 0.08 0.085 0.085 0.079 0.086 0.17 0.08 0.084 0.084 0.084 0.081 0.078 0.084 0.078 0.17 0.084 0.084 0.083 0.084 0.078 0.078 0.078 0.084 0.163 0.084 0.084 0.079 0.079 0.085 0.081 0.08 0.085 0.156 0.082 0.085 0.084 0.085 0.078 0.078 0.08 0.085 0.171 0.093 0.085 0.085 0.084 0.085 0.078 0.085 0.085 0.138 0.093 0.081 0.083 0.085 0.085 0.079 0.086 0.082 0.135 0.095 0.079 0.083 0.085 0.085 0.086 0.086 0.097 0.171 0.125 0.08 0.08 0.079 0.085 0.079 0.084 0.086 0.125 0.123 0.086 0.081 0.08 0.087 0.078 0.084 0.084 0.125 0.111 0.085 0.085 0.086 0.086 0.085 0.086 0.086 0.114 0.133 0.131 0.085 0.085 0.085 0.086 0.086 0.114 0.087 0.085 0.131 0.086 0.084 0.086 0.085 0.116 0.083 0.08 0.085 0.126 0.085 0.085 0.085 0.086 0.124 0.08 0.082 0.085 0.115 0.079 0.08 0.084 0.085 0.126 0.08 0.079 0.079 0.118 0.085 0.085 0.079 0.087 0.125 0.086 0.08 0.095 0.109 0.081 0.079 0.084 0.084 0.126 0.086 0.086 0.105 0.091 0.094 0.081 0.079 0.084 0.115 0.086 0.085 0.132 0.085 0.087 0.078 0.084 0.11 0.088 0.084 0.082 0.131 0.084 0.079 0.085 0.085 0.125 0.087 0.08 0.079 0.125 0.083 0.085 0.085 0.085 0.122 0.078 0.085 0.085 0.123 0.078 0.08 0.079 0.085 0.124 0.085 0.084 0.079 0.119 0.085 0.084 0.084 0.079 0.117 0.086 0.085 0.097 0.126 0.087 0.086 0.086 0.125 0.084 0.085 0.079 0.08 0.132 0.086 0.086 0.086 0.125 0.08 0.079 0.079 0.085 0.126 0.085 0.085 0.083 0.116 0.084 0.085 0.085 0.083 0.116 0.078 0.079 0.082 0.118 0.085 0.084 0.085 0.086 0.112 0.08 0.085 0.086 0.107 0.079 0.078 0.086 0.084 0.118 0.086 0.078 0.08 0.115 0.087 0.085
6000,500,50.73305887875881,50.2,0.09987600000000038,0.169 0.085 0.084 0.088 0.091 0.091 0.083 0.084 0.167 0.086 0.084 0.09 0.091 0.084 0.09 0.086 0.084 0.164 0.085 0.084 0.084 0.087 0.091 0.091 0.085 0.158 0.102 0.089 0.084 0.092 0.085 0.084 0.09 0.116 0.182 0.088 0.084 0.084 0.091 0.091 0.09 0.09 0.103 0.184 0.095 0.091 0.091 0.091 0.084 0.09 0.084 0.095 0.169 0.142 0.084 0.089 0.088 0.085 0.084 0.09 0.135 0.122 0.14 0.085 0.091 0.086 0.085 0.091 0.134 0.087 0.125 0.086 0.087 0.091 0.09 0.093 0.129 0.085 0.086 0.121 0.091 0.091 0.084 0.091 0.096 0.111 0.086 0.139 0.09 0.084 0.09 0.091 0.091 0.124 0.085 0.103 0.1 0.091 0.091 0.091 0.091 0.133 0.086 0.09 0.12 0.086 0.092 0.09 0.089 0.088 0.114 0.083 0.139 0.083 0.091 0.084 0.089 0.091 0.134 0.084 0.122 0.14 0.084 0.09 0.091 0.085 0.125 0.09 0.092 0.117 0.14 0.09 0.089 0.089 0.11 0.085 0.091 0.09 0.095 0.139 0.139 0.134 0.09 0.089 0.085 0.084 0.09 0.091 0.121 0.182 0.09 0.091 0.09 0.091 0.091 0.09 0.093 0.181 0.084 0.085 0.091 0.09 0.09 0.092 0.091 0.141 0.099 0.09 0.091 0.09 0.085 0.09 0.091 0.09 0.168 0.142 0.09 0.09 0.087 0.085 0.091 0.084 0.131 0.118 0.088 0.09 0.091 0.09 0.091 0.083 0.131 0.086 0.128 0.09 0.086 0.084 0.092 0.091 0.106 0.097 0.139 0.083 0.085 0.087 0.092 0.09 0.092 0.132 0.11 0.136 0.092 0.09 0.091 0.086 0.083 0.129 0.091 0.113 0.141 0.091 0.091 0.091 0.098 0.108 0.09 0.091 0.121 0.09 0.086 0.085 0.09 0.135 0.093 0.091 0.09 0.139 0.136 0.09 0.11 0.093 0.083 0.092 0.09 0.09 0.091 0.124 0.09 0.13 0.091 0.09 0.09 0.091 0.091 0.136 0.086 0.133 0.09 0.085 0.087 0.091 0.09 0.139 0.09 0.134 0.084 0.09 0.09 0.084 0.093 0.136 0.085 0.114 0.094 0.091 0.083 0.092 0.084 0.096 0.14 0.181 0.084 0.09 0.087 0.086 0.091 0.09 0.091 0.127 0.183 0.091 0.083 0.093 0.092 0.091 0.091 0.091 0.182 0.084 0.091 0.085 0.085 0.089 0.089 0.085 0.11 0.184 0.085 0.09 0.084 0.088 0.09 0.089 0.084 0.09 0.172 0.084 0.088 0.09 0.091 0.093 0.09 0.085 0.185 0.087 0.087 0.089 0.084 0.09 0.083 0.091 0.13 0.183 0.09 0.085 0.084 0.085 0.093 0.09 0.093 0.124 0.183 0.085 0.09 0.09 0.09 0.088 0.084 0.09 0.135 0.108 0.09 0.091 0.09 0.091 0.084 0.091 0.092 0.171 0.139 0.085 0.088 0.091 0.09 0.09 0.092 0.128 0.128 0.09 0.087 0.084 0.091 0.083 0.092 0.133 0.101 0.108 0.09 0.09 0.091 0.085 0.091 0.103 0.104 0.14 0.091 0.091 0.09 0.083 0.088 0.092 0.117 0.112 0.14 0.091 0.084 0.09 0.092 0.089 0.114 0.088 0.09 0.139 0.14 0.085 0.09 0.121 0.092 0.085 0.09 0.092 0.092 0.133 0.097 0.106 0.104 0.092 0.091 0.085 0.087 0.09 0.125 0.088 0.126 0.09 0.088 0.086 0.091 0.091 0.14 0.09 0.133 0.086 0.086 0.091 0.084 0.092 0.12 0.09 0.118 0.09 0.093 0.084 0.09 0.084 0.086 0.127 0.09 0.12 0.091 0.092 0.091 0.09 0.091 0.141 0.091 0.122 0.091 0.09 0.091 0.087 0.086 0.138 0.09 0.129 0.091 0.091 0.089 0.089 0.084 0.117 0.085 0.125 0.085 0.091 0.09 0.092 0.085 0.091 0.129 0.094 0.115 0.092 0.084 0.085 0.09 0.092 0.139 0.091 0.132 0.085 0.084 0.089 0.09 0.091 0.123 0.09 0.135 0.091 0.09 0.09
6400,500,54.1152628040094,52.4,0.10764199999999961,0.194 0.089 0.088 0.096 0.09 0.095 0.089 0.09 0.193 0.092 0.089 0.089 0.09 0.095 0.096 0.089 0.178 0.094 0.092 0.091 0.095 0.09 0.096 0.096 0.192 0.131 0.097 0.096 0.096 0.096 0.096 0.089 0.143 0.143 0.095 0.097 0.096 0.091 0.092 0.098 0.123 0.129 0.096 0.089 0.095 0.097 0.096 0.102 0.141 0.193 0.096 0.095 0.089 0.089 0.089 0.09 0.098 0.189 0.09 0.096 0.096 0.089 0.096 0.091 0.095 0.184 0.143 0.096 0.095 0.09 0.089 0.093 0.099 0.125 0.147 0.097 0.096 0.097 0.097 0.095 0.134 0.089 0.144 0.097 0.094 0.089 0.096 0.097 0.142 0.105 0.141 0.096 0.096 0.095 0.096 0.113 0.141 0.096 0.131 0.095 0.096 0.092 0.09 0.096 0.139 0.103 0.148 0.096 0.097 0.096 0.097 0.09 0.142 0.141 0.143 0.097 0.09 0.095 0.096 0.09 0.094 0.133 0.143 0.095 0.091 0.097 0.097 0.096 0.103 0.11 0.147 0.096 0.096 0.096 0.096 0.096 0.139 0.094 0.126 0.097 0.098 0.098 0.095 0.097 0.138 0.117 0.142 0.093 0.093 0.091 0.089 0.102 0.116 0.096 0.126 0.095 0.095 0.096 0.096 0.114 0.141 0.096 0.133 0.097 0.097 0.096 0.096 0.089 0.142 0.115 0.148 0.096 0.096 0.089 0.088 0.092 0.123 0.091 0.141 0.09 0.096 0.095 0.097 0.115 0.141 0.099 0.149 0.148 0.089 0.089 0.096 0.111 0.142 0.096 0.096 0.142 0.142 0.097 0.096 0.101 0.141 0.096 0.097 0.096 0.144 0.097 0.096 0.096 0.133 0.096 0.089 0.099 0.147 0.148 0.096 0.135 0.09 0.095 0.089 0.093 0.096 0.144 0.101 0.142 0.091 0.096 0.096 0.097 0.115 0.149 0.095 0.136 0.089 0.089 0.095 0.097 0.097 0.143 0.102 0.142 0.097 0.097 0.096 0.089 0.115 0.149 0.096 0.129 0.089 0.095 0.096 0.098 0.096 0.142 0.109 0.142 0.092 0.093 0.094 0.09 0.116 0.148 0.097 0.13 0.096 0.096 0.097 0.09 0.096 0.141 0.111 0.142 0.096 0.097 0.096 0.096 0.134 0.096 0.095 0.141 0.095 0.095 0.096 0.095 0.138 0.095 0.102 0.141 0.091 0.088 0.093 0.097 0.142 0.141 0.096 0.131 0.097 0.095 0.089 0.096 0.096 0.144 0.111 0.106 0.095 0.097 0.096 0.092 0.089 0.136 0.126 0.095 0.095 0.09 0.093 0.095 0.096 0.148 0.193 0.097 0.09 0.095 0.095 0.095 0.093 0.089 0.19 0.096 0.097 0.095 0.095 0.096 0.097 0.109 0.175 0.096 0.095 0.097 0.097 0.096 0.092 0.091 0.193 0.096 0.096 0.091 0.095 0.096 0.096 0.097 0.176 0.094 0.092 0.089 0.089 0.095 0.095 0.096 0.193 0.145 0.092 0.095 0.096 0.095 0.096 0.096 0.134 0.136 0.09 0.093 0.093 0.092 0.095 0.095 0.126 0.129 0.095 0.096 0.096 0.095 0.095 0.105 0.142 0.195 0.132 0.09 0.095 0.095 0.09 0.095 0.091 0.139 0.148 0.149 0.096 0.096 0.097 0.096 0.139 0.089 0.095 0.145 0.148 0.096 0.09 0.14 0.096 0.096 0.097 0.097 0.132 0.096 0.095 0.12 0.089 0.096 0.096 0.096 0.148 0.148 0.131 0.096 0.097 0.095 0.089 0.097 0.096 0.162 0.104 0.096 0.093 0.092 0.098 0.096 0.095 0.15 0.097 0.097 0.097 0.096 0.096 0.098 0.102 0.194 0.096 0.096 0.096 0.095 0.096 0.09 0.09 0.193 0.096 0.096 0.089 0.095 0.097 0.096 0.101 0.177 0.095 0.09 0.096 0.096 0.095 0.09 0.096 0.162 0.097 0.097 0.096 0.096 0.096 0.098 0.097 0.193 0.097 0.096 0.096 0.095 0.096 0.09 0.097 0.178 0.136 0.096 0.097 0.095 0.096 0.096 0.114 0.142 0.144 0.092 0.097 0.095 0.089 0.096 0.095 0.141
6800,500,57.49746672925999,57.0,0.11428599999999971,0.205 0.134 0.101 0.095 0.094 0.095 0.097 0.109 0.153 0.151 0.099 0.097 0.097 0.098 0.096 0.101 0.13 0.156 0.151 0.095 0.099 0.096 0.103 0.149 0.101 0.128 0.102 0.1 0.102 0.102 0.101 0.134 0.101 0.133 0.102 0.101 0.094 0.094 0.138 0.1 0.156 0.101 0.101 0.095 0.103 0.112 0.15 0.149 0.102 0.101 0.094 0.102 0.102 0.106 0.151 0.156 0.101 0.101 0.101 0.102 0.103 0.118 0.149 0.158 0.101 0.101 0.095 0.101 0.095 0.107 0.15 0.181 0.096 0.101 0.101 0.101 0.102 0.101 0.115 0.206 0.098 0.096 0.102 0.099 0.094 0.1 0.101 0.186 0.101 0.102 0.101 0.102 0.101 0.101 0.138 0.15 0.149 0.095 0.095 0.095 0.102 0.138 0.1 0.101 0.13 0.102 0.103 0.102 0.157 0.102 0.103 0.133 0.101 0.094 0.101 0.137 0.103 0.102 0.15 0.102 0.102 0.095 0.113 0.156 0.095 0.149 0.102 0.101 0.094 0.1 0.113 0.157 0.15 0.101 0.101 0.102 0.102 0.1 0.134 0.117 0.15 0.102 0.094 0.102 0.102 0.124 0.153 0.15 0.102 0.094 0.101 0.102 0.1 0.145 0.132 0.1 0.101 0.102 0.095 0.1 0.101 0.162 0.206 0.101 0.094 0.101 0.1 0.102 0.093 0.181 0.102 0.095 0.101 0.105 0.093 0.121 0.125 0.126 0.098 0.101 0.101 0.101 0.102 0.1 0.197 0.094 0.096 0.103 0.1 0.095 0.102 0.183 0.102 0.095 0.1 0.101 0.094 0.101 0.107 0.183 0.102 0.103 0.102 0.102 0.102 0.101 0.126 0.187 0.095 0.102 0.103 0.103 0.102 0.102 0.108 0.182 0.1 0.101 0.1 0.101 0.1 0.101 0.189 0.096 0.102 0.103 0.103 0.104 0.102 0.187 0.103 0.102 0.095 0.098 0.101 0.1 0.123 0.205 0.102 0.094 0.101 0.102 0.101 0.094 0.141 0.134 0.096 0.099 0.095 0.101 0.095 0.102 0.162 0.102 0.094 0.102 0.101 0.102 0.101 0.152 0.131 0.101 0.101 0.102 0.101 0.101 0.117 0.184 0.098 0.1 0.101 0.098 0.098 0.102 0.11 0.205 0.102 0.097 0.098 0.102 0.101 0.102 0.101 0.205 0.149 0.157 0.103 0.102 0.101 0.105 0.152 0.101 0.156 0.102 0.101 0.102 0.1 0.105 0.151 0.145 0.102 0.094 0.094 0.098 0.101 0.1 0.15 0.189 0.101 0.102 0.102 0.102 0.094 0.101 0.147 0.205 0.15 0.094 0.101 0.101 0.102 0.094 0.139 0.103 0.15 0.1 0.103 0.096 0.099 0.149 0.102 0.1 0.149 0.15 0.094 0.101 0.153 0.156 0.1 0.102 0.128 0.095 0.102 0.094 0.106 0.126 0.102 0.141 0.101 0.094 0.101 0.101 0.147 0.096 0.112 0.15 0.102 0.1 0.094 0.145 0.101 0.104 0.103 0.128 0.094 0.097 0.123 0.156 0.095 0.1 0.137 0.096 0.102 0.101 0.112 0.157 0.102 0.144 0.097 0.097 0.1 0.096 0.101 0.156 0.203 0.101 0.101 0.1 0.101 0.101 0.101 0.203 0.101 0.102 0.094 0.095 0.102 0.102 0.169 0.099 0.101 0.098 0.094 0.095 0.095 0.102 0.194 0.101 0.102 0.094 0.101 0.102 0.102 0.201 0.101 0.101 0.101 0.103 0.101 0.102 0.201 0.096 0.103 0.102 0.102 0.094 0.102 0.159 0.152 0.101 0.095 0.101 0.101 0.094 0.114 0.194 0.102 0.094 0.094 0.103 0.102 0.102 0.103 0.205 0.102 0.095 0.094 0.102 0.102 0.101 0.102 0.207 0.158 0.157 0.095 0.1 0.103 0.109 0.152 0.101 0.157 0.095 0.102 0.101 0.102 0.117 0.15 0.159 0.1 0.096 0.095 0.102 0.096 0.121 0.151 0.157 0.102 0.101 0.101 0.101 0.098 0.14 0.142 0.094 0.101 0.095 0.102 0.104 0.098 0.15 0.157 0.103 0.095 0.101 0.095 0.103 0.108 0.152 0.158 0.101
7200,500,60.879670654510576,56.4,0.11957399999999986,0.217 0.1 0.102 0.107 0.1 0.101 0.11 0.201 0.105 0.101 0.101 0.104 0.103 0.103 0.202 0.103 0.107 0.102 0.101 0.106 0.1 0.195 0.103 0.106 0.102 0.106 0.102 0.108 0.191 0.107 0.108 0.101 0.1 0.108 0.106 0.193 0.106 0.108 0.101 0.108 0.107 0.106 0.216 0.101 0.106 0.107 0.107 0.106 0.106 0.202 0.104 0.103 0.109 0.103 0.104 0.107 0.185 0.107 0.107 0.107 0.107 0.107 0.101 0.176 0.104 0.107 0.106 0.107 0.108 0.107 0.181 0.107 0.106 0.107 0.108 0.099 0.108 0.174 0.1 0.099 0.1 0.105 0.106 0.106 0.213 0.106 0.098 0.107 0.099 0.106 0.106 0.205 0.1 0.107 0.108 0.107 0.107 0.099 0.195 0.102 0.101 0.108 0.106 0.107 0.107 0.194 0.105 0.101 0.108 0.107 0.107 0.101 0.215 0.106 0.107 0.106 0.106 0.106 0.107 0.193 0.106 0.109 0.108 0.106 0.108 0.099 0.184 0.107 0.107 0.108 0.105 0.099 0.1 0.208 0.106 0.108 0.106 0.106 0.106 0.106 0.192 0.106 0.108 0.106 0.107 0.107 0.112 0.217 0.099 0.106 0.099 0.107 0.107 0.106 0.19 0.1 0.106 0.106 0.107 0.106 0.107 0.203 0.106 0.103 0.099 0.103 0.106 0.106 0.208 0.1 0.107 0.107 0.106 0.109 0.108 0.188 0.107 0.109 0.107 0.107 0.108 0.109 0.217 0.107 0.106 0.108 0.103 0.107 0.107 0.202 0.107 0.106 0.108 0.106 0.106 0.098 0.194 0.107 0.107 0.106 0.107 0.107 0.099 0.215 0.156 0.107 0.108 0.106 0.106 0.099 0.147 0.161 0.107 0.108 0.106 0.106 0.106 0.159 0.154 0.102 0.099 0.101 0.104 0.107 0.126 0.203 0.106 0.107 0.1 0.107 0.099 0.099 0.214 0.106 0.099 0.1 0.107 0.107 0.107 0.201 0.106 0.107 0.106 0.103 0.102 0.108 0.197 0.107 0.109 0.106 0.107 0.107 0.107 0.206 0.106 0.1 0.106 0.106 0.107 0.107 0.2 0.107 0.106 0.108 0.106 0.106 0.107 0.203 0.105 0.101 0.106 0.107 0.1 0.106 0.192 0.106 0.108 0.106 0.099 0.106 0.107 0.198 0.107 0.106 0.099 0.106 0.108 0.1 0.172 0.165 0.108 0.106 0.102 0.103 0.106 0.14 0.162 0.107 0.107 0.107 0.106 0.115 0.159 0.135 0.106 0.099 0.106 0.106 0.108 0.129 0.215 0.101 0.106 0.107 0.108 0.102 0.101 0.206 0.102 0.107 0.107 0.108 0.108 0.1 0.19 0.108 0.106 0.107 0.107 0.106 0.115 0.216 0.11 0.102 0.103 0.107 0.108 0.106 0.194 0.107 0.101 0.107 0.101 0.106 0.106 0.204 0.107 0.099 0.107 0.106 0.107 0.106 0.194 0.106 0.108 0.099 0.107 0.106 0.108 0.217 0.106 0.103 0.105 0.108 0.101 0.105 0.202 0.104 0.106 0.107 0.099 0.106 0.107 0.213 0.108 0.106 0.107 0.106 0.108 0.106 0.191 0.106 0.107 0.107 0.107 0.106 0.107 0.197 0.107 0.108 0.106 0.107 0.107 0.108 0.179 0.108 0.106 0.107 0.108 0.108 0.107 0.214 0.1 0.107 0.098 0.108 0.106 0.107 0.18 0.099 0.108 0.1 0.106 0.107 0.107 0.174 0.158 0.111 0.107 0.099 0.101 0.117 0.165 0.135 0.106 0.1 0.108 0.107 0.106 0.177 0.159 0.105 0.107 0.106 0.106 0.108 0.166 0.156 0.107 0.107 0.108 0.108 0.106 0.162 0.139 0.107 0.105 0.102 0.108 0.106 0.15 0.158 0.158 0.099 0.099 0.106 0.143 0.104 0.107 0.157 0.107 0.106 0.108 0.163 0.109 0.108 0.134 0.102 0.106 0.109 0.153 0.107 0.106 0.159 0.159 0.107 0.163 0.1 0.106 0.099 0.106 0.148 0.107 0.163 0.107 0.107 0.106 0.106 0.159 0.1 0.138 0.105 0.108 0.107 0.106 0.127 0.158 0.168 0.106 0.108
7600,500,64.26187457976116,66.0,0.1272559999999999,0.201 0.105 0.106 0.104 0.106 0.105 0.104 0.176 0.113 0.112 0.114 0.112 0.105 0.114 0.222 0.112 0.105 0.113 0.112 0.109 0.122 0.228 0.106 0.112 0.107 0.111 0.112 0.116 0.228 0.112 0.112 0.111 0.113 0.112 0.113 0.199 0.111 0.113 0.111 0.111 0.112 0.175 0.166 0.113 0.113 0.107 0.111 0.128 0.207 0.113 0.112 0.106 0.113 0.112 0.112 0.196 0.11 0.113 0.112 0.114 0.111 0.188 0.166 0.112 0.103 0.112 0.113 0.148 0.113 0.166 0.167 0.113 0.113 0.161 0.111 0.112 0.126 0.165 0.112 0.122 0.174 0.112 0.112 0.13 0.166 0.104 0.124 0.167 0.112 0.112 0.136 0.165 0.111 0.131 0.173 0.111 0.107 0.15 0.113 0.113 0.112 0.166 0.113 0.104 0.147 0.114 0.112 0.113 0.165 0.112 0.158 0.114 0.112 0.109 0.131 0.168 0.138 0.164 0.112 0.111 0.112 0.154 0.113 0.125 0.166 0.111 0.107 0.11 0.146 0.105 0.112 0.154 0.111 0.112 0.129 0.167 0.112 0.161 0.107 0.112 0.114 0.115 0.174 0.134 0.167 0.106 0.111 0.113 0.127 0.174 0.145 0.114 0.112 0.107 0.109 0.112 0.144 0.161 0.113 0.113 0.112 0.113 0.161 0.131 0.166 0.103 0.112 0.112 0.13 0.174 0.148 0.109 0.111 0.113 0.112 0.111 0.175 0.138 0.106 0.112 0.114 0.113 0.107 0.2 0.112 0.112 0.105 0.112 0.113 0.114 0.203 0.112 0.112 0.109 0.109 0.114 0.112 0.219 0.104 0.111 0.114 0.112 0.113 0.138 0.218 0.112 0.112 0.112 0.113 0.112 0.149 0.142 0.112 0.113 0.112 0.112 0.112 0.204 0.113 0.113 0.113 0.112 0.114 0.135 0.227 0.106 0.112 0.113 0.113 0.112 0.134 0.229 0.105 0.11 0.107 0.112 0.112 0.119 0.228 0.112 0.112 0.114 0.113 0.113 0.119 0.227 0.113 0.112 0.112 0.115 0.111 0.118 0.219 0.113 0.105 0.112 0.11 0.106 0.112 0.205 0.112 0.113 0.104 0.112 0.112 0.15 0.164 0.112 0.106 0.113 0.112 0.111 0.153 0.166 0.111 0.113 0.113 0.105 0.148 0.112 0.154 0.112 0.111 0.113 0.111 0.149 0.12 0.167 0.111 0.113 0.112 0.146 0.111 0.112 0.144 0.112 0.112 0.112 0.161 0.112 0.146 0.112 0.112 0.112 0.12 0.173 0.111 0.166 0.112 0.113 0.111 0.111 0.175 0.112 0.144 0.112 0.112 0.112 0.111 0.166 0.146 0.111 0.111 0.109 0.108 0.111 0.174 0.168 0.111 0.112 0.112 0.112 0.112 0.146 0.158 0.113 0.113 0.104 0.112 0.129 0.213 0.112 0.112 0.112 0.116 0.113 0.126 0.229 0.113 0.112 0.112 0.113 0.113 0.137 0.22 0.111 0.112 0.112 0.115 0.113 0.149 0.153 0.111 0.104 0.112 0.112 0.112 0.162 0.166 0.112 0.112 0.112 0.115 0.172 0.104 0.151 0.111 0.111 0.112 0.112 0.174 0.152 0.111 0.114 0.111 0.112 0.111 0.147 0.151 0.112 0.112 0.111 0.114 0.124 0.228 0.112 0.112 0.112 0.111 0.112 0.115 0.229 0.112 0.104 0.114 0.113 0.111 0.112 0.185 0.111 0.112 0.112 0.113 0.112 0.127 0.216 0.112 0.112 0.111 0.106 0.111 0.113 0.228 0.112 0.111 0.114 0.112 0.114 0.112 0.193 0.112 0.112 0.113 0.112 0.113 0.177 0.166 0.106 0.113 0.112 0.113 0.132 0.215 0.105 0.112 0.113 0.112 0.106 0.112 0.197 0.111 0.111 0.112 0.114 0.113 0.186 0.167 0.113 0.111 0.113 0.111 0.154 0.122 0.168 0.112 0.114 0.104 0.113 0.146 0.112 0.155 0.112 0.111 0.112 0.15 0.106 0.118 0.167 0.112 0.112 0.105 0.157 0.113 0.113 0.153 0.111 0.112 0.138 0.174 0.113 0.162 0.113 0.111 0.112 0.129 0.174 0.157 0.111 0.116 0.106
8000,500,67.64407850501175,68.4,0.13454599999999967,0.228 0.117 0.118 0.119 0.115 0.114 0.225 0.118 0.117 0.109 0.117 0.118 0.231 0.118 0.118 0.117 0.111 0.114 0.225 0.119 0.118 0.118 0.118 0.118 0.23 0.117 0.118 0.117 0.113 0.116 0.228 0.11 0.118 0.117 0.118 0.117 0.214 0.118 0.117 0.117 0.112 0.117 0.138 0.233 0.117 0.118 0.118 0.117 0.117 0.232 0.111 0.116 0.118 0.117 0.118 0.224 0.119 0.112 0.116 0.117 0.117 0.223 0.11 0.117 0.117 0.118 0.117 0.183 0.171 0.119 0.117 0.119 0.111 0.176 0.168 0.112 0.116 0.117 0.12 0.176 0.169 0.117 0.118 0.117 0.118 0.177 0.17 0.117 0.117 0.117 0.118 0.18 0.17 0.117 0.12 0.118 0.118 0.179 0.168 0.12 0.118 0.119 0.117 0.17 0.167 0.118 0.118 0.117 0.117 0.178 0.169 0.117 0.118 0.117 0.119 0.167 0.17 0.117 0.118 0.118 0.117 0.177 0.167 0.117 0.115 0.115 0.117 0.177 0.169 0.117 0.117 0.117 0.117 0.179 0.169 0.109 0.118 0.118 0.119 0.176 0.169 0.117 0.113 0.115 0.118 0.173 0.164 0.119 0.117 0.117 0.118 0.176 0.169 0.118 0.118 0.117 0.117 0.175 0.167 0.118 0.119 0.118 0.116 0.178 0.17 0.118 0.118 0.118 0.116 0.174 0.171 0.117 0.119 0.11 0.116 0.174 0.165 0.117 0.11 0.118 0.11 0.163 0.139 0.173 0.109 0.117 0.118 0.176 0.117 0.17 0.118 0.117 0.118 0.18 0.117 0.168 0.117 0.118 0.118 0.176 0.118 0.165 0.111 0.116 0.117 0.169 0.121 0.17 0.119 0.118 0.118 0.162 0.118 0.164 0.118 0.117 0.118 0.145 0.177 0.168 0.118 0.119 0.117 0.112 0.178 0.169 0.118 0.118 0.117 0.118 0.174 0.165 0.117 0.119 0.118 0.117 0.172 0.166 0.118 0.117 0.118 0.117 0.176 0.169 0.118 0.117 0.117 0.111 0.176 0.169 0.117 0.119 0.117 0.119 0.175 0.167 0.117 0.117 0.117 0.118 0.178 0.169 0.118 0.111 0.118 0.117 0.177 0.168 0.117 0.117 0.118 0.117 0.18 0.169 0.118 0.109 0.118 0.116 0.169 0.161 0.118 0.111 0.11 0.119 0.131 0.223 0.12 0.109 0.117 0.119 0.117 0.156 0.174 0.119 0.118 0.117 0.12 0.145 0.231 0.118 0.117 0.119 0.117 0.118 0.224 0.117 0.118 0.118 0.118 0.118 0.221 0.112 0.116 0.115 0.115 0.117 0.224 0.117 0.118 0.117 0.119 0.117 0.224 0.109 0.118 0.118 0.117 0.119 0.219 0.109 0.117 0.118 0.12 0.117 0.173 0.175 0.109 0.118 0.118 0.117 0.164 0.149 0.117 0.118 0.117 0.117 0.128 0.216 0.117 0.118 0.117 0.117 0.117 0.157 0.175 0.117 0.117 0.117 0.118 0.134 0.206 0.117 0.117 0.117 0.118 0.117 0.153 0.151 0.118 0.111 0.117 0.118 0.117 0.19 0.119 0.117 0.117 0.118 0.117 0.215 0.118 0.116 0.109 0.117 0.117 0.153 0.142 0.117 0.115 0.114 0.117 0.117 0.209 0.118 0.117 0.117 0.117 0.118 0.217 0.119 0.117 0.118 0.117 0.118 0.223 0.117 0.119 0.117 0.118 0.117 0.224 0.117 0.118 0.117 0.119 0.118 0.22 0.117 0.117 0.119 0.117 0.117 0.222 0.12 0.118 0.118 0.117 0.119 0.218 0.119 0.118 0.117 0.117 0.119 0.219 0.118 0.116 0.113 0.117 0.118 0.23 0.117 0.118 0.112 0.114 0.117 0.222 0.117 0.11 0.117 0.118 0.117 0.161 0.215 0.117 0.118 0.117 0.109 0.109 0.215 0.117 0.117 0.118 0.12 0.117 0.212 0.119 0.118 0.117 0.118 0.117 0.203 0.118 0.117 0.118 0.117 0.117 0.136 0.236 0.119 0.117 0.118 0.118 0.115 0.215 0.119 0.118 0.119 0.118 0.12 0.202 0.118 0.117 0.117 0.118 0.117 0.148 0.235 0.117 0.117
8400,500,71.02628243026234,70.8,0.1394979999999997,0.25 0.123 0.115 0.124 0.123 0.123 0.201 0.123 0.122 0.124 0.123 0.113 0.214 0.115 0.124 0.122 0.123 0.123 0.195 0.122 0.122 0.12 0.119 0.122 0.203 0.124 0.123 0.122 0.124 0.123 0.236 0.122 0.123 0.125 0.122 0.124 0.212 0.123 0.123 0.123 0.123 0.122 0.212 0.123 0.124 0.114 0.123 0.123 0.219 0.124 0.122 0.122 0.123 0.122 0.232 0.123 0.123 0.124 0.123 0.122 0.22 0.122 0.122 0.122 0.123 0.123 0.236 0.114 0.115 0.122 0.123 0.122 0.219 0.122 0.123 0.124 0.124 0.122 0.217 0.124 0.123 0.123 0.123 0.125 0.204 0.122 0.123 0.116 0.122 0.123 0.234 0.124 0.123 0.124 0.122 0.122 0.214 0.124 0.121 0.118 0.116 0.123 0.209 0.122 0.124 0.123 0.122 0.114 0.211 0.123 0.124 0.123 0.123 0.122 0.236 0.123 0.123 0.123 0.122 0.123 0.215 0.123 0.122 0.123 0.123 0.125 0.212 0.123 0.123 0.118 0.123 0.123 0.243 0.123 0.124 0.123 0.123 0.123 0.232 0.125 0.122 0.123 0.115 0.114 0.221 0.124 0.123 0.123 0.122 0.124 0.213 0.116 0.123 0.126 0.122 0.123 0.21 0.123 0.122 0.122 0.123 0.123 0.245 0.123 0.122 0.123 0.124 0.123 0.225 0.123 0.123 0.122 0.123 0.123 0.236 0.124 0.123 0.122 0.123 0.126 0.203 0.124 0.125 0.125 0.123 0.126 0.246 0.125 0.125 0.115 0.126 0.116 0.219 0.124 0.126 0.123 0.124 0.126 0.244 0.124 0.124 0.124 0.123 0.125 0.191 0.123 0.122 0.125 0.123 0.124 0.194 0.124 0.123 0.122 0.124 0.114 0.195 0.125 0.123 0.123 0.125 0.123 0.194 0.116 0.124 0.123 0.123 0.125 0.227 0.124 0.116 0.123 0.123 0.124 0.24 0.114 0.123 0.123 0.122 0.124 0.215 0.123 0.124 0.123 0.114 0.124 0.217 0.117 0.123 0.123 0.124 0.124 0.244 0.124 0.124 0.123 0.124 0.124 0.222 0.124 0.123 0.125 0.123 0.123 0.237 0.123 0.124 0.122 0.123 0.123 0.207 0.123 0.123 0.126 0.124 0.122 0.212 0.123 0.123 0.123 0.123 0.124 0.242 0.119 0.124 0.125 0.123 0.123 0.231 0.124 0.123 0.123 0.122 0.123 0.235 0.123 0.123 0.123 0.124 0.123 0.216 0.126 0.121 0.123 0.123 0.124 0.249 0.125 0.123 0.123 0.123 0.122 0.233 0.123 0.124 0.123 0.125 0.123 0.214 0.123 0.123 0.123 0.124 0.124 0.243 0.123 0.123 0.124 0.123 0.123 0.233 0.123 0.124 0.125 0.117 0.123 0.217 0.124 0.124 0.123 0.115 0.124 0.216 0.114 0.125 0.123 0.123 0.124 0.239 0.123 0.123 0.123 0.124 0.123 0.223 0.123 0.124 0.124 0.123 0.124 0.236 0.123 0.123 0.126 0.122 0.122 0.211 0.123 0.123 0.123 0.12 0.12 0.211 0.123 0.124 0.123 0.123 0.122 0.206 0.123 0.128 0.125 0.122 0.123 0.227 0.125 0.123 0.124 0.124 0.124 0.239 0.123 0.123 0.123 0.121 0.12 0.218 0.125 0.123 0.123 0.123 0.124 0.244 0.123 0.123 0.122 0.123 0.123 0.235 0.124 0.124 0.119 0.121 0.126 0.213 0.125 0.123 0.123 0.124 0.122 0.205 0.123 0.123 0.123 0.123 0.122 0.244 0.123 0.125 0.123 0.123 0.124 0.218 0.123 0.123 0.123 0.124 0.123 0.236 0.123 0.123 0.124 0.123 0.124 0.211 0.125 0.114 0.123 0.123 0.123 0.244 0.123 0.117 0.126 0.122 0.123 0.226 0.124 0.123 0.124 0.123 0.124 0.231 0.116 0.123 0.124 0.123 0.123 0.214 0.124 0.124 0.124 0.123 0.125 0.245 0.124 0.124 0.116 0.124 0.124 0.214 0.123 0.123 0.123 0.123 0.123 0.233 0.123 0.123 0.122 0.125 0.121 0.216 0.118 0.122 0.123 0.124 0.123 0.216 0.123
8800,500,74.40848635551292,73.2,0.1475299999999999,0.239 0.126 0.119 0.128 0.128 0.129 0.251 0.128 0.126 0.125 0.129 0.127 0.198 0.13 0.128 0.128 0.129 0.128 0.258 0.129 0.13 0.119 0.129 0.131 0.204 0.128 0.128 0.128 0.13 0.132 0.256 0.129 0.129 0.129 0.127 0.122 0.263 0.128 0.122 0.129 0.128 0.128 0.225 0.129 0.129 0.128 0.129 0.149 0.243 0.119 0.129 0.119 0.124 0.128 0.244 0.128 0.129 0.129 0.128 0.13 0.232 0.128 0.123 0.129 0.13 0.151 0.217 0.129 0.128 0.128 0.129 0.129 0.229 0.131 0.119 0.13 0.128 0.15 0.224 0.13 0.129 0.129 0.129 0.128 0.226 0.131 0.129 0.129 0.13 0.172 0.164 0.129 0.128 0.128 0.129 0.207 0.176 0.129 0.129 0.129 0.145 0.207 0.183 0.126 0.126 0.13 0.155 0.206 0.178 0.124 0.129 0.128 0.13 0.212 0.184 0.128 0.131 0.128 0.135 0.22 0.177 0.129 0.128 0.129 0.133 0.231 0.129 0.128 0.128 0.128 0.129 0.219 0.129 0.128 0.128 0.13 0.147 0.249 0.13 0.128 0.129 0.132 0.142 0.255 0.121 0.128 0.119 0.129 0.128 0.25 0.13 0.128 0.129 0.12 0.13 0.244 0.129 0.13 0.128 0.129 0.143 0.243 0.128 0.13 0.129 0.128 0.13 0.263 0.129 0.129 0.129 0.13 0.128 0.242 0.129 0.129 0.129 0.128 0.129 0.248 0.128 0.128 0.129 0.128 0.129 0.263 0.13 0.129 0.12 0.128 0.128 0.253 0.128 0.13 0.128 0.13 0.128 0.205 0.129 0.129 0.127 0.129 0.13 0.254 0.128 0.12 0.128 0.129 0.128 0.217 0.129 0.129 0.129 0.128 0.152 0.253 0.128 0.129 0.131 0.128 0.141 0.247 0.127 0.129 0.128 0.129 0.129 0.232 0.129 0.128 0.13 0.129 0.129 0.247 0.128 0.129 0.13 0.13 0.137 0.24 0.129 0.129 0.128 0.129 0.129 0.259 0.128 0.12 0.129 0.124 0.129 0.222 0.129 0.129 0.129 0.12 0.13 0.231 0.129 0.13 0.129 0.128 0.128 0.247 0.125 0.129 0.129 0.129 0.13 0.264 0.129 0.129 0.129 0.128 0.129 0.253 0.128 0.129 0.13 0.129 0.129 0.231 0.128 0.13 0.129 0.129 0.129 0.245 0.12 0.128 0.13 0.129 0.129 0.256 0.129 0.128 0.12 0.129 0.128 0.217 0.13 0.129 0.129 0.128 0.15 0.248 0.127 0.125 0.129 0.128 0.128 0.264 0.128 0.128 0.121 0.12 0.129 0.217 0.129 0.129 0.129 0.129 0.151 0.249 0.128 0.128 0.129 0.131 0.132 0.231 0.129 0.123 0.128 0.13 0.129 0.231 0.13 0.127 0.125 0.128 0.153 0.216 0.129 0.129 0.127 0.128 0.129 0.229 0.12 0.128 0.128 0.129 0.148 0.219 0.129 0.128 0.129 0.129 0.13 0.225 0.129 0.128 0.128 0.128 0.164 0.18 0.129 0.13 0.128 0.129 0.19 0.191 0.128 0.128 0.129 0.139 0.187 0.156 0.123 0.129 0.128 0.129 0.174 0.192 0.129 0.129 0.129 0.171 0.128 0.162 0.128 0.131 0.129 0.19 0.155 0.179 0.13 0.128 0.153 0.193 0.164 0.129 0.123 0.128 0.129 0.167 0.182 0.128 0.129 0.128 0.151 0.219 0.129 0.128 0.128 0.129 0.131 0.218 0.128 0.13 0.128 0.129 0.152 0.247 0.128 0.128 0.129 0.121 0.129 0.251 0.13 0.129 0.125 0.124 0.128 0.222 0.128 0.13 0.128 0.119 0.135 0.247 0.131 0.128 0.131 0.128 0.129 0.256 0.13 0.128 0.128 0.129 0.128 0.216 0.13 0.129 0.128 0.129 0.149 0.248 0.13 0.128 0.13 0.129 0.142 0.235 0.128 0.128 0.129 0.13 0.129 0.264 0.129 0.13 0.128 0.128 0.124 0.218 0.128 0.13 0.13 0.128 0.153 0.25 0.129 0.128 0.129 0.128 0.137 0.237 0.119 0.128 0.129 0.123 0.128 0.212 0.129 0.129 0.129 0.128
9200,500,77.79069028076351,77.0,0.154674,0.256 0.133 0.126 0.134 0.134 0.154 0.247 0.133 0.134 0.135 0.133 0.183 0.194 0.133 0.125 0.134 0.134 0.24 0.135 0.134 0.135 0.134 0.135 0.276 0.134 0.133 0.128 0.124 0.135 0.26 0.134 0.126 0.134 0.134 0.143 0.255 0.135 0.134 0.135 0.134 0.169 0.234 0.134 0.135 0.133 0.134 0.198 0.181 0.133 0.134 0.133 0.141 0.26 0.135 0.135 0.135 0.134 0.163 0.249 0.133 0.135 0.133 0.134 0.167 0.237 0.133 0.13 0.134 0.134 0.145 0.251 0.131 0.133 0.138 0.135 0.165 0.235 0.133 0.135 0.133 0.135 0.182 0.191 0.134 0.134 0.127 0.135 0.25 0.129 0.132 0.124 0.134 0.134 0.218 0.134 0.134 0.134 0.134 0.217 0.134 0.134 0.134 0.136 0.134 0.248 0.135 0.134 0.134 0.128 0.135 0.261 0.133 0.135 0.134 0.135 0.134 0.265 0.133 0.133 0.134 0.134 0.148 0.246 0.134 0.133 0.135 0.136 0.173 0.198 0.135 0.135 0.134 0.134 0.249 0.135 0.135 0.125 0.134 0.135 0.222 0.134 0.134 0.135 0.132 0.216 0.188 0.133 0.134 0.134 0.169 0.14 0.193 0.134 0.134 0.134 0.167 0.135 0.2 0.135 0.133 0.195 0.133 0.146 0.194 0.135 0.193 0.133 0.134 0.158 0.185 0.183 0.134 0.135 0.134 0.161 0.187 0.192 0.134 0.134 0.135 0.163 0.137 0.208 0.135 0.131 0.131 0.161 0.134 0.21 0.133 0.145 0.188 0.134 0.145 0.201 0.134 0.184 0.137 0.136 0.167 0.134 0.133 0.2 0.131 0.134 0.229 0.135 0.167 0.135 0.126 0.134 0.21 0.134 0.168 0.133 0.135 0.134 0.211 0.187 0.134 0.133 0.134 0.157 0.248 0.135 0.135 0.135 0.135 0.184 0.193 0.135 0.135 0.134 0.135 0.252 0.136 0.135 0.136 0.133 0.147 0.26 0.133 0.135 0.134 0.129 0.165 0.2 0.134 0.136 0.136 0.134 0.232 0.188 0.135 0.134 0.134 0.163 0.246 0.136 0.129 0.134 0.133 0.16 0.247 0.135 0.135 0.135 0.134 0.19 0.188 0.128 0.135 0.134 0.135 0.253 0.135 0.135 0.135 0.134 0.134 0.275 0.131 0.134 0.135 0.134 0.138 0.257 0.134 0.134 0.134 0.133 0.153 0.249 0.134 0.134 0.134 0.134 0.158 0.2 0.133 0.133 0.136 0.134 0.168 0.169 0.134 0.134 0.132 0.169 0.16 0.188 0.135 0.134 0.138 0.207 0.183 0.131 0.137 0.135 0.155 0.24 0.136 0.134 0.124 0.135 0.143 0.266 0.125 0.135 0.135 0.133 0.162 0.165 0.134 0.135 0.135 0.135 0.234 0.134 0.134 0.127 0.134 0.167 0.16 0.131 0.133 0.135 0.137 0.248 0.133 0.135 0.134 0.134 0.167 0.248 0.134 0.134 0.134 0.133 0.169 0.246 0.134 0.134 0.133 0.133 0.169 0.246 0.134 0.133 0.134 0.134 0.171 0.243 0.134 0.135 0.136 0.135 0.189 0.188 0.133 0.135 0.134 0.133 0.256 0.135 0.134 0.134 0.135 0.133 0.255 0.134 0.133 0.134 0.134 0.162 0.24 0.134 0.134 0.134 0.133 0.165 0.232 0.134 0.136 0.136 0.133 0.192 0.189 0.134 0.125 0.134 0.134 0.25 0.135 0.134 0.134 0.135 0.133 0.266 0.133 0.133 0.131 0.132 0.134 0.263 0.134 0.133 0.134 0.134 0.134 0.26 0.134 0.134 0.133 0.133 0.151 0.243 0.132 0.131 0.133 0.134 0.156 0.243 0.134 0.134 0.134 0.134 0.178 0.196 0.129 0.124 0.135 0.133 0.167 0.163 0.133 0.134 0.134 0.161 0.244 0.135 0.134 0.134 0.135 0.171 0.249 0.129 0.134 0.133 0.134 0.165 0.201 0.134 0.134 0.133 0.134 0.243 0.133 0.134 0.135 0.124 0.136 0.222 0.134 0.134 0.135 0.135 0.228 0.134 0.135 0.136 0.135 0.149 0.261 0.134 0.133 0.133 0.133 0.189 0.198
9600,500,81.1728942060141,82.6,0.15915200000000004,0.249 0.132 0.139 0.14 0.139 0.207 0.14 0.139 0.14 0.139 0.133 0.278 0.139 0.139 0.139 0.141 0.222 0.131 0.139 0.14 0.14 0.14 0.269 0.131 0.14 0.138 0.14 0.223 0.132 0.139 0.14 0.133 0.131 0.275 0.14 0.138 0.141 0.138 0.2 0.14 0.14 0.14 0.139 0.139 0.227 0.14 0.14 0.14 0.139 0.244 0.14 0.139 0.139 0.139 0.247 0.133 0.139 0.14 0.14 0.25 0.136 0.138 0.139 0.137 0.197 0.193 0.14 0.14 0.139 0.165 0.255 0.13 0.14 0.139 0.139 0.252 0.14 0.138 0.139 0.139 0.226 0.132 0.129 0.139 0.139 0.139 0.276 0.141 0.141 0.139 0.139 0.251 0.14 0.14 0.139 0.14 0.247 0.14 0.139 0.139 0.139 0.185 0.191 0.135 0.137 0.139 0.14 0.259 0.139 0.139 0.139 0.14 0.251 0.14 0.14 0.139 0.139 0.242 0.139 0.138 0.139 0.139 0.191 0.2 0.14 0.14 0.139 0.178 0.162 0.13 0.139 0.139 0.139 0.175 0.175 0.14 0.14 0.139 0.197 0.184 0.141 0.14 0.139 0.197 0.193 0.14 0.139 0.139 0.203 0.191 0.14 0.142 0.142 0.197 0.194 0.14 0.139 0.141 0.204 0.19 0.139 0.14 0.139 0.196 0.191 0.139 0.14 0.141 0.189 0.197 0.141 0.139 0.139 0.17 0.159 0.194 0.139 0.139 0.159 0.197 0.184 0.138 0.13 0.139 0.182 0.178 0.137 0.138 0.139 0.139 0.232 0.192 0.138 0.14 0.138 0.198 0.194 0.138 0.138 0.139 0.198 0.186 0.138 0.138 0.14 0.196 0.164 0.189 0.135 0.138 0.186 0.129 0.176 0.139 0.138 0.161 0.196 0.179 0.138 0.129 0.138 0.178 0.14 0.207 0.14 0.138 0.169 0.19 0.19 0.139 0.139 0.138 0.197 0.187 0.134 0.141 0.139 0.196 0.186 0.14 0.139 0.138 0.185 0.154 0.193 0.139 0.138 0.184 0.139 0.18 0.139 0.138 0.139 0.215 0.185 0.136 0.139 0.139 0.175 0.14 0.207 0.138 0.139 0.15 0.201 0.19 0.139 0.138 0.139 0.202 0.19 0.131 0.131 0.138 0.164 0.253 0.139 0.139 0.139 0.14 0.245 0.138 0.139 0.139 0.141 0.244 0.138 0.138 0.139 0.139 0.174 0.208 0.14 0.14 0.14 0.165 0.253 0.138 0.139 0.139 0.14 0.253 0.141 0.139 0.14 0.138 0.246 0.139 0.14 0.138 0.139 0.242 0.14 0.14 0.14 0.139 0.185 0.199 0.139 0.132 0.14 0.159 0.249 0.139 0.133 0.138 0.128 0.209 0.133 0.138 0.138 0.14 0.138 0.216 0.141 0.14 0.139 0.138 0.249 0.139 0.138 0.138 0.139 0.254 0.135 0.137 0.138 0.14 0.202 0.186 0.14 0.138 0.14 0.16 0.254 0.139 0.138 0.13 0.138 0.243 0.138 0.139 0.138 0.139 0.194 0.198 0.14 0.136 0.138 0.176 0.17 0.138 0.129 0.138 0.138 0.173 0.175 0.139 0.13 0.139 0.196 0.189 0.139 0.139 0.139 0.19 0.188 0.139 0.139 0.139 0.158 0.251 0.141 0.13 0.139 0.141 0.251 0.138 0.138 0.138 0.138 0.228 0.138 0.14 0.138 0.138 0.142 0.27 0.139 0.138 0.14 0.141 0.251 0.14 0.138 0.138 0.138 0.226 0.14 0.139 0.139 0.139 0.152 0.247 0.138 0.139 0.139 0.139 0.246 0.138 0.14 0.139 0.138 0.229 0.14 0.141 0.14 0.139 0.157 0.252 0.14 0.139 0.139 0.14 0.247 0.13 0.138 0.138 0.14 0.218 0.139 0.139 0.132 0.138 0.138 0.285 0.133 0.139 0.138 0.139 0.211 0.194 0.138 0.139 0.14 0.197 0.194 0.139 0.139 0.14 0.198 0.185 0.139 0.139 0.141 0.2 0.17 0.13 0.138 0.139 0.147 0.22 0.2 0.138 0.139 0.14 0.187 0.178 0.14 0.134 0.139 0.172 0.139 0.208 0.139 0.138 0.156 0.201 0.188 0.139
10000,500,84.55509813126469,84.8,0.16502000000000036,0.264 0.135 0.143 0.143 0.14 0.257 0.145 0.145 0.146 0.144 0.241 0.144 0.144 0.144 0.144 0.257 0.144 0.143 0.136 0.143 0.247 0.145 0.144 0.145 0.145 0.245 0.135 0.144 0.146 0.145 0.256 0.145 0.145 0.144 0.145 0.261 0.146 0.144 0.138 0.145 0.246 0.145 0.145 0.144 0.143 0.245 0.144 0.143 0.145 0.143 0.244 0.144 0.144 0.144 0.138 0.258 0.144 0.145 0.145 0.144 0.261 0.144 0.145 0.143 0.145 0.252 0.144 0.144 0.144 0.144 0.253 0.146 0.145 0.144 0.144 0.255 0.143 0.145 0.144 0.144 0.261 0.14 0.145 0.144 0.144 0.256 0.145 0.144 0.144 0.143 0.255 0.144 0.137 0.144 0.143 0.259 0.144 0.144 0.144 0.144 0.241 0.145 0.143 0.144 0.145 0.254 0.145 0.146 0.143 0.145 0.259 0.144 0.144 0.144 0.145 0.241 0.145 0.145 0.145 0.144 0.254 0.141 0.141 0.143 0.144 0.258 0.145 0.145 0.144 0.144 0.243 0.144 0.144 0.145 0.145 0.243 0.144 0.144 0.144 0.144 0.251 0.134 0.144 0.138 0.145 0.252 0.144 0.144 0.144 0.143 0.258 0.143 0.141 0.143 0.144 0.254 0.144 0.144 0.145 0.136 0.257 0.144 0.134 0.143 0.135 0.255 0.145 0.144 0.144 0.144 0.244 0.145 0.144 0.143 0.145 0.261 0.144 0.144 0.134 0.144 0.256 0.145 0.137 0.146 0.143 0.245 0.144 0.144 0.145 0.143 0.255 0.144 0.145 0.144 0.134 0.253 0.145 0.144 0.143 0.145 0.243 0.134 0.145 0.143 0.144 0.258 0.144 0.135 0.143 0.133 0.253 0.145 0.146 0.144 0.146 0.245 0.144 0.145 0.144 0.145 0.26 0.145 0.144 0.145 0.145 0.256 0.135 0.144 0.144 0.144 0.259 0.144 0.145 0.135 0.144 0.26 0.145 0.14 0.135 0.144 0.257 0.144 0.145 0.146 0.145 0.241 0.144 0.135 0.144 0.141 0.248 0.144 0.145 0.144 0.144 0.241 0.145 0.134 0.145 0.146 0.258 0.145 0.144 0.145 0.144 0.261 0.144 0.144 0.144 0.144 0.245 0.144 0.143 0.146 0.145 0.242 0.144 0.145 0.144 0.145 0.237 0.137 0.144 0.144 0.143 0.245 0.145 0.134 0.144 0.144 0.261 0.144 0.145 0.145 0.144 0.261 0.144 0.14 0.142 0.144 0.248 0.145 0.144 0.144 0.145 0.256 0.135 0.144 0.143 0.145 0.261 0.14 0.146 0.144 0.145 0.256 0.135 0.144 0.143 0.145 0.261 0.145 0.144 0.144 0.145 0.255 0.143 0.145 0.145 0.143 0.26 0.145 0.144 0.145 0.145 0.256 0.145 0.144 0.144 0.145 0.258 0.145 0.144 0.134 0.146 0.26 0.144 0.145 0.145 0.144 0.256 0.143 0.144 0.137 0.145 0.258 0.145 0.144 0.145 0.145 0.244 0.144 0.145 0.145 0.144 0.239 0.144 0.144 0.144 0.145 0.251 0.142 0.142 0.144 0.144 0.259 0.144 0.145 0.145 0.144 0.245 0.137 0.145 0.143 0.146 0.265 0.144 0.145 0.145 0.143 0.254 0.146 0.143 0.134 0.144 0.25 0.145 0.144 0.145 0.144 0.24 0.143 0.143 0.144 0.146 0.256 0.143 0.144 0.144 0.143 0.255 0.144 0.145 0.145 0.145 0.241 0.144 0.144 0.145 0.145 0.241 0.144 0.145 0.144 0.141 0.245 0.145 0.138 0.145 0.143 0.241 0.144 0.144 0.147 0.143 0.24 0.144 0.143 0.144 0.144 0.262 0.143 0.143 0.143 0.143 0.247 0.144 0.145 0.145 0.144 0.236 0.144 0.144 0.144 0.145 0.241 0.143 0.144 0.144 0.144 0.24 0.145 0.144 0.144 0.144 0.246 0.142 0.141 0.145 0.144 0.238 0.143 0.145 0.145 0.144 0.233 0.143 0.144 0.145 0.144 0.242 0.144 0.143 0.145 0.143 0.254 0.144 0.143 0.145 0.144 0.255 0.144 0.135 0.143 0.143 0.251 0.146 0.144 0.143 0.144
10400,500,87.93730205651528,88.6,0.17118600000000053,0.256 0.14 0.15 0.149 0.149 0.244 0.149 0.148 0.145 0.149 0.286 0.148 0.148 0.138 0.149 0.259 0.149 0.149 0.15 0.148 0.233 0.149 0.149 0.148 0.152 0.269 0.149 0.148 0.152 0.148 0.264 0.149 0.151 0.148 0.149 0.234 0.15 0.149 0.15 0.15 0.277 0.149 0.15 0.15 0.151 0.229 0.139 0.15 0.149 0.151 0.222 0.149 0.149 0.15 0.15 0.234 0.15 0.149 0.149 0.149 0.284 0.149 0.148 0.149 0.145 0.241 0.149 0.149 0.152 0.149 0.273 0.151 0.149 0.15 0.151 0.265 0.148 0.15 0.143 0.15 0.254 0.149 0.149 0.148 0.148 0.285 0.149 0.15 0.15 0.149 0.243 0.151 0.149 0.151 0.149 0.289 0.151 0.15 0.151 0.15 0.241 0.15 0.149 0.149 0.15 0.288 0.149 0.15 0.15 0.15 0.246 0.15 0.15 0.146 0.149 0.273 0.148 0.15 0.149 0.149 0.241 0.15 0.15 0.15 0.15 0.235 0.15 0.15 0.15 0.15 0.232 0.152 0.149 0.149 0.15 0.303 0.15 0.152 0.149 0.151 0.235 0.153 0.149 0.15 0.151 0.253 0.15 0.15 0.15 0.149 0.262 0.149 0.153 0.143 0.15 0.243 0.142 0.15 0.15 0.15 0.281 0.15 0.15 0.151 0.15 0.243 0.15 0.149 0.149 0.149 0.297 0.15 0.15 0.149 0.152 0.271 0.153 0.153 0.151 0.151 0.266 0.157 0.139 0.157 0.154 0.253 0.149 0.155 0.149 0.151 0.278 0.152 0.151 0.15 0.152 0.26 0.15 0.15 0.149 0.15 0.281 0.151 0.15 0.15 0.152 0.274 0.149 0.149 0.149 0.149 0.226 0.149 0.149 0.15 0.15 0.241 0.149 0.151 0.151 0.148 0.301 0.15 0.149 0.141 0.151 0.265 0.15 0.15 0.152 0.149 0.23 0.15 0.149 0.15 0.149 0.282 0.149 0.149 0.149 0.15 0.262 0.142 0.15 0.149 0.151 0.234 0.149 0.15 0.149 0.148 0.235 0.15 0.149 0.15 0.149 0.264 0.15 0.15 0.149 0.15 0.274 0.151 0.149 0.149 0.15 0.308 0.15 0.149 0.15 0.15 0.23 0.15 0.15 0.149 0.149 0.261 0.149 0.149 0.15 0.138 0.232 0.149 0.151 0.15 0.151 0.246 0.15 0.15 0.15 0.149 0.234 0.151 0.149 0.149 0.15 0.302 0.15 0.149 0.15 0.149 0.23 0.15 0.15 0.149 0.149 0.261 0.15 0.15 0.15 0.15 0.256 0.15 0.15 0.149 0.15 0.233 0.15 0.149 0.149 0.148 0.284 0.15 0.149 0.15 0.15 0.241 0.15 0.15 0.15 0.15 0.226 0.149 0.149 0.15 0.149 0.258 0.15 0.149 0.15 0.15 0.26 0.151 0.15 0.149 0.15 0.282 0.149 0.149 0.15 0.149 0.26 0.149 0.15 0.149 0.151 0.268 0.15 0.149 0.15 0.149 0.243 0.149 0.151 0.149 0.15 0.231 0.15 0.15 0.149 0.15 0.307 0.15 0.149 0.151 0.149 0.232 0.15 0.148 0.15 0.15 0.28 0.151 0.151 0.151 0.149 0.259 0.15 0.15 0.149 0.149 0.231 0.15 0.149 0.151 0.15 0.281 0.15 0.149 0.15 0.151 0.234 0.149 0.149 0.15 0.151 0.265 0.149 0.151 0.15 0.15 0.229 0.15 0.15 0.148 0.15 0.281 0.149 0.151 0.149 0.149 0.241 0.15 0.15 0.149 0.15 0.301 0.15 0.15 0.15 0.15 0.233 0.15 0.15 0.151 0.15 0.304 0.15 0.149 0.149 0.15 0.281 0.15 0.149 0.15 0.15 0.246 0.15 0.151 0.149 0.15 0.231 0.15 0.149 0.149 0.149 0.277 0.151 0.149 0.15 0.149 0.262 0.149 0.15 0.15 0.15 0.233 0.149 0.15 0.149 0.15 0.267 0.151 0.149 0.149 0.15 0.243 0.15 0.15 0.15 0.15 0.232 0.15 0.151 0.15 0.15 0.232 0.15 0.15 0.15 0.149 0.259 0.15 0.15 0.15 0.149 0.278 0.15 0.15 0.15 0.15
10800,500,91.31950598176586,91.4,0.17979800000000015,0.259 0.156 0.155 0.155 0.143 0.291 0.156 0.155 0.154 0.154 0.291 0.155 0.155 0.155 0.155 0.28 0.155 0.154 0.155 0.154 0.227 0.15 0.144 0.155 0.157 0.302 0.154 0.156 0.155 0.155 0.266 0.156 0.155 0.154 0.155 0.193 0.156 0.154 0.156 0.204 0.225 0.156 0.156 0.155 0.224 0.24 0.155 0.154 0.156 0.215 0.209 0.155 0.155 0.154 0.229 0.213 0.156 0.157 0.157 0.182 0.206 0.155 0.157 0.165 0.207 0.234 0.156 0.155 0.172 0.21 0.224 0.154 0.155 0.159 0.213 0.209 0.154 0.154 0.158 0.184 0.238 0.154 0.155 0.197 0.155 0.215 0.155 0.154 0.209 0.155 0.233 0.155 0.166 0.206 0.155 0.234 0.157 0.168 0.209 0.155 0.229 0.155 0.162 0.209 0.154 0.233 0.155 0.165 0.211 0.155 0.233 0.155 0.165 0.206 0.155 0.236 0.156 0.174 0.208 0.154 0.233 0.154 0.168 0.209 0.156 0.237 0.154 0.171 0.21 0.155 0.233 0.155 0.166 0.21 0.155 0.233 0.155 0.165 0.211 0.154 0.234 0.149 0.161 0.216 0.154 0.231 0.155 0.157 0.213 0.155 0.235 0.155 0.165 0.212 0.155 0.233 0.155 0.164 0.212 0.154 0.234 0.155 0.166 0.211 0.154 0.228 0.155 0.162 0.215 0.155 0.226 0.155 0.154 0.224 0.155 0.223 0.156 0.156 0.221 0.156 0.222 0.155 0.147 0.23 0.154 0.223 0.154 0.154 0.231 0.154 0.224 0.154 0.152 0.186 0.155 0.191 0.156 0.155 0.154 0.155 0.201 0.147 0.209 0.155 0.155 0.236 0.169 0.208 0.155 0.154 0.235 0.171 0.206 0.155 0.155 0.234 0.171 0.211 0.155 0.156 0.229 0.164 0.213 0.154 0.154 0.233 0.163 0.214 0.155 0.155 0.232 0.163 0.215 0.155 0.155 0.232 0.163 0.214 0.156 0.155 0.232 0.162 0.215 0.156 0.155 0.237 0.167 0.21 0.156 0.155 0.237 0.171 0.206 0.155 0.154 0.234 0.17 0.206 0.151 0.155 0.236 0.171 0.206 0.154 0.156 0.228 0.165 0.206 0.155 0.155 0.239 0.174 0.207 0.155 0.149 0.232 0.161 0.214 0.155 0.155 0.232 0.161 0.215 0.155 0.155 0.233 0.162 0.21 0.155 0.155 0.235 0.17 0.207 0.154 0.155 0.234 0.152 0.216 0.156 0.156 0.238 0.166 0.211 0.154 0.145 0.191 0.155 0.187 0.154 0.151 0.237 0.19 0.155 0.153 0.155 0.198 0.206 0.155 0.156 0.155 0.219 0.222 0.155 0.154 0.156 0.221 0.23 0.154 0.154 0.157 0.222 0.231 0.153 0.155 0.156 0.225 0.226 0.154 0.155 0.154 0.227 0.231 0.154 0.154 0.155 0.22 0.186 0.152 0.156 0.154 0.187 0.183 0.154 0.156 0.155 0.262 0.156 0.155 0.156 0.155 0.238 0.154 0.155 0.156 0.163 0.27 0.155 0.157 0.155 0.156 0.289 0.155 0.155 0.154 0.154 0.273 0.155 0.154 0.154 0.154 0.225 0.155 0.154 0.155 0.154 0.291 0.154 0.155 0.155 0.154 0.236 0.155 0.154 0.154 0.16 0.274 0.155 0.154 0.156 0.154 0.295 0.155 0.155 0.155 0.155 0.3 0.154 0.154 0.154 0.154 0.281 0.154 0.155 0.155 0.155 0.285 0.155 0.157 0.154 0.154 0.227 0.155 0.155 0.155 0.154 0.293 0.154 0.156 0.155 0.156 0.258 0.155 0.155 0.154 0.154 0.239 0.155 0.154 0.155 0.16 0.262 0.154 0.154 0.154 0.154 0.217 0.156 0.154 0.155 0.157 0.232 0.156 0.157 0.156 0.192 0.213 0.156 0.156 0.171 0.202 0.231 0.156 0.155 0.179 0.21 0.232 0.156 0.156 0.172 0.207 0.229 0.156 0.156 0.173 0.206 0.219 0.156 0.155 0.156 0.214 0.199 0.154 0.154 0.154 0.187 0.193 0.154 0.155 0.155 0.153 0.199 0.154 0.154 0.208 0.155 0.221 0.154 0.154 0.214 0.155
11200,500,94.70170990701645,94.6,0.18543399999999982,0.261 0.16 0.16 0.159 0.179 0.276 0.158 0.158 0.16 0.17 0.273 0.16 0.16 0.161 0.176 0.272 0.16 0.16 0.16 0.175 0.275 0.16 0.161 0.161 0.174 0.274 0.159 0.16 0.159 0.174 0.275 0.159 0.159 0.16 0.171 0.272 0.16 0.159 0.16 0.174 0.275 0.16 0.16 0.163 0.176 0.275 0.162 0.16 0.159 0.167 0.277 0.162 0.16 0.16 0.178 0.275 0.16 0.16 0.161 0.168 0.275 0.162 0.161 0.161 0.178 0.274 0.16 0.16 0.161 0.17 0.273 0.16 0.161 0.16 0.18 0.273 0.16 0.16 0.162 0.17 0.273 0.161 0.16 0.16 0.176 0.274 0.161 0.162 0.161 0.18 0.27 0.161 0.161 0.16 0.167 0.278 0.162 0.161 0.162 0.182 0.274 0.161 0.161 0.16 0.178 0.273 0.16 0.16 0.162 0.171 0.274 0.16 0.16 0.161 0.181 0.265 0.161 0.162 0.16 0.165 0.275 0.161 0.161 0.16 0.167 0.276 0.151 0.16 0.16 0.161 0.26 0.16 0.161 0.16 0.16 0.231 0.16 0.161 0.16 0.229 0.231 0.161 0.16 0.175 0.218 0.221 0.16 0.16 0.178 0.213 0.222 0.159 0.159 0.183 0.213 0.222 0.159 0.16 0.182 0.214 0.223 0.16 0.16 0.179 0.206 0.223 0.159 0.159 0.186 0.161 0.24 0.16 0.161 0.192 0.161 0.247 0.16 0.211 0.16 0.149 0.24 0.177 0.215 0.162 0.179 0.221 0.2 0.161 0.162 0.161 0.225 0.231 0.162 0.161 0.186 0.25 0.161 0.161 0.16 0.149 0.287 0.161 0.161 0.164 0.16 0.293 0.161 0.16 0.16 0.16 0.278 0.161 0.16 0.16 0.166 0.278 0.161 0.16 0.16 0.175 0.272 0.16 0.154 0.161 0.179 0.268 0.16 0.16 0.16 0.185 0.271 0.16 0.161 0.16 0.169 0.275 0.16 0.161 0.161 0.176 0.273 0.16 0.16 0.16 0.176 0.274 0.149 0.16 0.159 0.161 0.291 0.159 0.161 0.161 0.177 0.279 0.16 0.16 0.159 0.17 0.273 0.16 0.161 0.16 0.176 0.269 0.16 0.16 0.16 0.185 0.264 0.161 0.159 0.16 0.16 0.283 0.159 0.161 0.161 0.166 0.279 0.162 0.161 0.16 0.179 0.262 0.16 0.16 0.16 0.18 0.259 0.16 0.161 0.16 0.183 0.274 0.16 0.16 0.159 0.166 0.279 0.162 0.16 0.16 0.176 0.274 0.16 0.16 0.16 0.177 0.264 0.16 0.148 0.161 0.169 0.272 0.161 0.159 0.16 0.171 0.274 0.162 0.16 0.16 0.175 0.274 0.16 0.161 0.16 0.175 0.273 0.16 0.162 0.16 0.179 0.261 0.16 0.161 0.16 0.181 0.275 0.161 0.161 0.162 0.18 0.267 0.161 0.16 0.16 0.163 0.278 0.161 0.153 0.161 0.16 0.283 0.16 0.16 0.161 0.164 0.278 0.16 0.16 0.16 0.166 0.274 0.16 0.161 0.16 0.167 0.277 0.161 0.16 0.16 0.175 0.272 0.161 0.16 0.16 0.184 0.271 0.159 0.16 0.161 0.165 0.279 0.16 0.159 0.16 0.171 0.279 0.161 0.161 0.159 0.176 0.27 0.16 0.16 0.16 0.186 0.269 0.161 0.16 0.159 0.17 0.273 0.159 0.16 0.16 0.182 0.272 0.159 0.161 0.16 0.175 0.273 0.16 0.161 0.161 0.179 0.273 0.161 0.159 0.16 0.166 0.279 0.16 0.16 0.161 0.174 0.276 0.161 0.159 0.16 0.176 0.273 0.161 0.16 0.16 0.176 0.27 0.159 0.161 0.159 0.183 0.273 0.16 0.161 0.159 0.166 0.279 0.162 0.161 0.16 0.177 0.273 0.16 0.16 0.16 0.178 0.268 0.159 0.16 0.161 0.16 0.277 0.16 0.16 0.16 0.159 0.285 0.16 0.16 0.159 0.161 0.281 0.16 0.16 0.162 0.166 0.278 0.162 0.16 0.16 0.174 0.275 0.16 0.16 0.156 0.169 0.274 0.161 0.16 0.159 0.173 0.276 0.161 0.161 0.159 0.176
11600,500,98.08391383226704,98.8,0.19053999999999996,0.258 0.159 0.166 0.166 0.252 0.165 0.159 0.166 0.167 0.298 0.165 0.166 0.165 0.184 0.213 0.166 0.166 0.171 0.22 0.226 0.161 0.166 0.202 0.182 0.215 0.167 0.165 0.232 0.229 0.166 0.165 0.196 0.165 0.232 0.166 0.167 0.233 0.222 0.165 0.166 0.188 0.221 0.227 0.166 0.166 0.208 0.196 0.207 0.165 0.168 0.223 0.229 0.165 0.165 0.206 0.165 0.234 0.165 0.166 0.228 0.216 0.165 0.164 0.191 0.21 0.227 0.165 0.167 0.217 0.207 0.157 0.165 0.165 0.233 0.205 0.166 0.166 0.172 0.224 0.216 0.165 0.165 0.196 0.189 0.222 0.165 0.167 0.233 0.224 0.165 0.166 0.191 0.219 0.224 0.166 0.165 0.209 0.195 0.166 0.165 0.167 0.195 0.223 0.165 0.167 0.215 0.207 0.165 0.164 0.174 0.222 0.253 0.165 0.165 0.215 0.173 0.225 0.165 0.201 0.165 0.182 0.226 0.166 0.238 0.163 0.222 0.166 0.18 0.21 0.186 0.228 0.166 0.22 0.167 0.208 0.166 0.173 0.222 0.167 0.234 0.166 0.215 0.165 0.191 0.213 0.19 0.222 0.166 0.223 0.166 0.204 0.165 0.194 0.205 0.166 0.225 0.165 0.223 0.165 0.199 0.165 0.167 0.233 0.165 0.235 0.164 0.223 0.165 0.188 0.217 0.205 0.167 0.165 0.191 0.219 0.215 0.166 0.165 0.198 0.198 0.201 0.166 0.165 0.193 0.196 0.224 0.165 0.214 0.166 0.202 0.165 0.19 0.22 0.166 0.233 0.165 0.214 0.165 0.194 0.205 0.182 0.218 0.165 0.225 0.166 0.212 0.164 0.194 0.205 0.165 0.225 0.165 0.223 0.165 0.2 0.167 0.17 0.228 0.165 0.234 0.164 0.225 0.166 0.188 0.218 0.205 0.166 0.166 0.192 0.204 0.244 0.165 0.165 0.218 0.183 0.213 0.166 0.21 0.166 0.208 0.166 0.167 0.234 0.165 0.234 0.165 0.197 0.166 0.174 0.224 0.167 0.237 0.163 0.223 0.166 0.185 0.21 0.198 0.165 0.165 0.189 0.216 0.223 0.165 0.164 0.207 0.192 0.207 0.166 0.173 0.224 0.226 0.165 0.166 0.205 0.185 0.229 0.165 0.182 0.219 0.226 0.165 0.167 0.21 0.166 0.228 0.165 0.165 0.233 0.22 0.166 0.164 0.189 0.211 0.227 0.166 0.165 0.216 0.201 0.165 0.165 0.164 0.235 0.223 0.166 0.165 0.189 0.225 0.225 0.165 0.166 0.208 0.195 0.214 0.167 0.174 0.221 0.222 0.165 0.166 0.202 0.166 0.231 0.167 0.166 0.233 0.22 0.156 0.165 0.177 0.217 0.236 0.165 0.165 0.218 0.203 0.166 0.165 0.166 0.234 0.195 0.164 0.166 0.165 0.232 0.229 0.165 0.165 0.197 0.177 0.226 0.166 0.166 0.237 0.222 0.167 0.164 0.189 0.217 0.225 0.166 0.167 0.212 0.207 0.166 0.165 0.165 0.236 0.224 0.166 0.166 0.189 0.214 0.225 0.165 0.166 0.219 0.209 0.165 0.166 0.165 0.229 0.202 0.167 0.166 0.179 0.231 0.211 0.166 0.166 0.204 0.207 0.167 0.168 0.166 0.193 0.224 0.164 0.166 0.215 0.207 0.166 0.164 0.173 0.221 0.203 0.165 0.165 0.183 0.224 0.214 0.166 0.164 0.203 0.196 0.218 0.165 0.18 0.222 0.223 0.166 0.165 0.2 0.165 0.232 0.166 0.165 0.232 0.214 0.165 0.166 0.178 0.215 0.223 0.165 0.166 0.205 0.19 0.224 0.165 0.179 0.218 0.223 0.166 0.164 0.202 0.166 0.242 0.167 0.166 0.226 0.2 0.165 0.166 0.172 0.222 0.244 0.165 0.165 0.215 0.181 0.216 0.164 0.186 0.218 0.221 0.165 0.165 0.205 0.17 0.229 0.166 0.166 0.225 0.218 0.166 0.165 0.193 0.217 0.225 0.165 0.165 0.206 0.191 0.218 0.165 0.178 0.216 0.223 0.165 0.165 0.205 0.166 0.232 0.165 0.17 0.228 0.219 0.167 0.166
12000,500,101.46611775751762,100.0,0.1932860000000006,0.284 0.169 0.17 0.169 0.282 0.168 0.169 0.17 0.211 0.223 0.17 0.169 0.17 0.295 0.169 0.17 0.168 0.24 0.167 0.167 0.166 0.167 0.306 0.168 0.168 0.167 0.212 0.255 0.168 0.167 0.167 0.284 0.167 0.167 0.166 0.199 0.236 0.165 0.167 0.167 0.278 0.168 0.168 0.167 0.194 0.284 0.167 0.167 0.167 0.257 0.167 0.167 0.167 0.169 0.301 0.168 0.167 0.167 0.232 0.158 0.169 0.168 0.167 0.264 0.167 0.167 0.168 0.227 0.228 0.167 0.167 0.167 0.235 0.219 0.167 0.167 0.191 0.234 0.216 0.167 0.167 0.216 0.224 0.168 0.168 0.183 0.22 0.22 0.166 0.168 0.212 0.215 0.167 0.168 0.167 0.236 0.231 0.167 0.167 0.202 0.191 0.227 0.168 0.175 0.219 0.231 0.167 0.167 0.218 0.183 0.217 0.166 0.197 0.167 0.197 0.204 0.167 0.237 0.167 0.228 0.168 0.199 0.167 0.192 0.225 0.167 0.228 0.168 0.225 0.168 0.209 0.168 0.18 0.222 0.17 0.229 0.168 0.23 0.167 0.216 0.167 0.195 0.228 0.21 0.168 0.167 0.205 0.167 0.238 0.166 0.168 0.24 0.212 0.167 0.169 0.199 0.266 0.169 0.168 0.167 0.197 0.21 0.167 0.167 0.167 0.306 0.169 0.167 0.168 0.219 0.219 0.166 0.167 0.168 0.293 0.169 0.167 0.168 0.229 0.22 0.17 0.167 0.168 0.285 0.169 0.167 0.168 0.233 0.216 0.169 0.169 0.188 0.266 0.169 0.168 0.168 0.267 0.17 0.168 0.169 0.188 0.279 0.169 0.169 0.169 0.269 0.169 0.17 0.169 0.203 0.235 0.168 0.168 0.168 0.299 0.169 0.168 0.168 0.224 0.221 0.169 0.168 0.175 0.276 0.168 0.168 0.167 0.245 0.212 0.168 0.168 0.2 0.201 0.168 0.168 0.167 0.204 0.199 0.167 0.168 0.217 0.218 0.168 0.168 0.167 0.286 0.168 0.167 0.168 0.202 0.231 0.169 0.17 0.169 0.289 0.169 0.166 0.167 0.222 0.218 0.169 0.169 0.171 0.293 0.167 0.169 0.168 0.255 0.168 0.167 0.168 0.168 0.307 0.166 0.167 0.168 0.26 0.169 0.168 0.168 0.17 0.3 0.17 0.167 0.168 0.256 0.168 0.168 0.167 0.177 0.278 0.168 0.167 0.169 0.277 0.167 0.167 0.167 0.185 0.281 0.169 0.167 0.168 0.275 0.168 0.168 0.168 0.186 0.282 0.169 0.17 0.169 0.281 0.17 0.169 0.171 0.225 0.223 0.17 0.169 0.17 0.284 0.17 0.17 0.17 0.266 0.171 0.171 0.169 0.182 0.28 0.17 0.168 0.171 0.281 0.168 0.168 0.168 0.207 0.227 0.168 0.168 0.168 0.303 0.167 0.167 0.169 0.222 0.219 0.169 0.167 0.168 0.286 0.168 0.169 0.168 0.241 0.221 0.167 0.168 0.2 0.191 0.212 0.168 0.169 0.245 0.22 0.168 0.167 0.2 0.27 0.168 0.168 0.169 0.274 0.164 0.167 0.167 0.187 0.278 0.168 0.167 0.168 0.276 0.169 0.167 0.168 0.185 0.281 0.168 0.167 0.168 0.274 0.169 0.168 0.167 0.183 0.283 0.168 0.168 0.169 0.276 0.168 0.168 0.169 0.187 0.279 0.17 0.168 0.168 0.279 0.169 0.167 0.17 0.197 0.28 0.167 0.167 0.167 0.267 0.167 0.167 0.167 0.169 0.288 0.167 0.167 0.168 0.262 0.168 0.168 0.167 0.167 0.295 0.167 0.168 0.168 0.244 0.167 0.169 0.168 0.168 0.289 0.169 0.167 0.169 0.173 0.229 0.167 0.167 0.209 0.206 0.168 0.167 0.167 0.235 0.259 0.169 0.167 0.217 0.189 0.23 0.167 0.223 0.168 0.227 0.168 0.193 0.215 0.214 0.168 0.168 0.212 0.168 0.244 0.168 0.185 0.219 0.221 0.168 0.167 0.218 0.177 0.23 0.167 0.199 0.168 0.191 0.226 0.174 0.224 0.169 0.23 0.168 0.218 0.168 0.192 0.228 0.215 0.168
